{
  "config": {
    "svd_dir": "/worxpace/repos/py/GaleMoE/svd_cache/float/w3/",
    "layer_idx": 23,
    "output_dir": "results_scale10/",
    "num_experts": 8,
    "model_id": "mistralai/Mixtral-8x7B-v0.1",
    "model_tag": "mistralai_Mixtral_8x7B_v0.1",
    "num_samples": 500,
    "seq_len": 64,
    "batch_size": 500,
    "seed": 42,
    "variations": [
      "svd",
      "random",
      "zero",
      "shuffle"
    ],
    "dataset": "wikitext",
    "text_file": null,
    "top_k": [
      1,
      2,
      4,
      8,
      16,
      32,
      64,
      128,
      256,
      512
    ],
    "quantization": null,
    "scale": 10.0
  },
  "by_k": {
    "1": {
      "svd": {
        "loss": 2.994527816772461,
        "delta": 0.02237224578857422
      },
      "random": {
        "loss": 2.9944896697998047,
        "delta": 0.02233409881591797
      }
    },
    "2": {
      "svd": {
        "loss": 2.995478630065918,
        "delta": 0.02332305908203125
      },
      "random": {
        "loss": 2.9969112873077393,
        "delta": 0.02475571632385254
      }
    },
    "4": {
      "svd": {
        "loss": 2.9958033561706543,
        "delta": 0.023647785186767578
      },
      "random": {
        "loss": 2.992924690246582,
        "delta": 0.020769119262695312
      }
    },
    "8": {
      "svd": {
        "loss": 2.9995269775390625,
        "delta": 0.02737140655517578
      },
      "random": {
        "loss": 2.989454746246338,
        "delta": 0.017299175262451172
      }
    },
    "16": {
      "svd": {
        "loss": 2.998821258544922,
        "delta": 0.026665687561035156
      },
      "random": {
        "loss": 2.983870267868042,
        "delta": 0.011714696884155273
      }
    },
    "32": {
      "svd": {
        "loss": 3.0000193119049072,
        "delta": 0.027863740921020508
      },
      "random": {
        "loss": 2.978860378265381,
        "delta": 0.006704807281494141
      }
    },
    "64": {
      "svd": {
        "loss": 3.0001721382141113,
        "delta": 0.02801656723022461
      },
      "random": {
        "loss": 2.9762179851531982,
        "delta": 0.0040624141693115234
      }
    },
    "128": {
      "svd": {
        "loss": 3.0014102458953857,
        "delta": 0.029254674911499023
      },
      "random": {
        "loss": 2.974466323852539,
        "delta": 0.0023107528686523438
      }
    },
    "256": {
      "svd": {
        "loss": 3.001110315322876,
        "delta": 0.028954744338989258
      },
      "random": {
        "loss": 2.9738776683807373,
        "delta": 0.001722097396850586
      }
    },
    "512": {
      "svd": {
        "loss": 3.0010569095611572,
        "delta": 0.028901338577270508
      },
      "random": {
        "loss": 2.972944736480713,
        "delta": 0.0007891654968261719
      }
    }
  },
  "k_independent": {
    "zero": {
      "loss": 2.9887611865997314,
      "delta": 0.016605615615844727
    },
    "shuffle": {
      "loss": 2.999765157699585,
      "delta": 0.027609586715698242
    }
  },
  "baseline_loss": 2.9721555709838867
}