{
  "config": {
    "svd_dir": "/worxpace/repos/py/GaleMoE/svd_cache/float/w3/",
    "layer_idx": 4,
    "output_dir": "results_scale10/",
    "num_experts": 8,
    "model_id": "mistralai/Mixtral-8x7B-v0.1",
    "model_tag": "mistralai_Mixtral_8x7B_v0.1",
    "num_samples": 500,
    "seq_len": 64,
    "batch_size": 500,
    "seed": 42,
    "variations": [
      "svd",
      "random",
      "zero",
      "shuffle"
    ],
    "dataset": "wikitext",
    "text_file": null,
    "top_k": [
      1,
      2,
      4,
      8,
      16,
      32,
      64,
      128,
      256,
      512
    ],
    "quantization": null,
    "scale": 10.0
  },
  "by_k": {
    "1": {
      "svd": {
        "loss": 2.9742023944854736,
        "delta": 0.002046823501586914
      },
      "random": {
        "loss": 2.974174976348877,
        "delta": 0.0020194053649902344
      }
    },
    "2": {
      "svd": {
        "loss": 2.9857351779937744,
        "delta": 0.013579607009887695
      },
      "random": {
        "loss": 2.9883782863616943,
        "delta": 0.016222715377807617
      }
    },
    "4": {
      "svd": {
        "loss": 2.9892337322235107,
        "delta": 0.017078161239624023
      },
      "random": {
        "loss": 2.9874138832092285,
        "delta": 0.015258312225341797
      }
    },
    "8": {
      "svd": {
        "loss": 2.9888010025024414,
        "delta": 0.016645431518554688
      },
      "random": {
        "loss": 2.980865001678467,
        "delta": 0.008709430694580078
      }
    },
    "16": {
      "svd": {
        "loss": 2.9972689151763916,
        "delta": 0.025113344192504883
      },
      "random": {
        "loss": 2.9800920486450195,
        "delta": 0.007936477661132812
      }
    },
    "32": {
      "svd": {
        "loss": 3.007328748703003,
        "delta": 0.03517317771911621
      },
      "random": {
        "loss": 2.9809658527374268,
        "delta": 0.008810281753540039
      }
    },
    "64": {
      "svd": {
        "loss": 3.015148401260376,
        "delta": 0.04299283027648926
      },
      "random": {
        "loss": 2.977004051208496,
        "delta": 0.004848480224609375
      }
    },
    "128": {
      "svd": {
        "loss": 3.018864154815674,
        "delta": 0.04670858383178711
      },
      "random": {
        "loss": 2.9745936393737793,
        "delta": 0.002438068389892578
      }
    },
    "256": {
      "svd": {
        "loss": 3.0215537548065186,
        "delta": 0.049398183822631836
      },
      "random": {
        "loss": 2.977144718170166,
        "delta": 0.004989147186279297
      }
    },
    "512": {
      "svd": {
        "loss": 3.0247745513916016,
        "delta": 0.052618980407714844
      },
      "random": {
        "loss": 2.976052761077881,
        "delta": 0.0038971900939941406
      }
    }
  },
  "k_independent": {
    "zero": {
      "loss": 3.005072832107544,
      "delta": 0.03291726112365723
    },
    "shuffle": {
      "loss": 3.013233184814453,
      "delta": 0.041077613830566406
    }
  },
  "baseline_loss": 2.9721555709838867
}