{
  "config": {
    "svd_dir": "/worxpace/repos/py/GaleMoE/svd_cache/float/w3/",
    "layer_idx": 19,
    "output_dir": "results_scale10/",
    "num_experts": 8,
    "model_id": "mistralai/Mixtral-8x7B-v0.1",
    "model_tag": "mistralai_Mixtral_8x7B_v0.1",
    "num_samples": 500,
    "seq_len": 64,
    "batch_size": 500,
    "seed": 42,
    "variations": [
      "svd",
      "random",
      "zero",
      "shuffle"
    ],
    "dataset": "wikitext",
    "text_file": null,
    "top_k": [
      1,
      2,
      4,
      8,
      16,
      32,
      64,
      128,
      256,
      512
    ],
    "quantization": null,
    "scale": 10.0
  },
  "by_k": {
    "1": {
      "svd": {
        "loss": 3.016226053237915,
        "delta": 0.04407048225402832
      },
      "random": {
        "loss": 3.016226053237915,
        "delta": 0.04407048225402832
      }
    },
    "2": {
      "svd": {
        "loss": 3.0351600646972656,
        "delta": 0.0630044937133789
      },
      "random": {
        "loss": 3.036306381225586,
        "delta": 0.06415081024169922
      }
    },
    "4": {
      "svd": {
        "loss": 3.0416176319122314,
        "delta": 0.06946206092834473
      },
      "random": {
        "loss": 2.988086700439453,
        "delta": 0.015931129455566406
      }
    },
    "8": {
      "svd": {
        "loss": 3.0490264892578125,
        "delta": 0.07687091827392578
      },
      "random": {
        "loss": 2.9902634620666504,
        "delta": 0.018107891082763672
      }
    },
    "16": {
      "svd": {
        "loss": 3.046267032623291,
        "delta": 0.0741114616394043
      },
      "random": {
        "loss": 2.975886821746826,
        "delta": 0.003731250762939453
      }
    },
    "32": {
      "svd": {
        "loss": 3.049010992050171,
        "delta": 0.07685542106628418
      },
      "random": {
        "loss": 2.976846933364868,
        "delta": 0.004691362380981445
      }
    },
    "64": {
      "svd": {
        "loss": 3.049891948699951,
        "delta": 0.07773637771606445
      },
      "random": {
        "loss": 2.977731466293335,
        "delta": 0.005575895309448242
      }
    },
    "128": {
      "svd": {
        "loss": 3.0496392250061035,
        "delta": 0.0774836540222168
      },
      "random": {
        "loss": 2.9738144874572754,
        "delta": 0.0016589164733886719
      }
    },
    "256": {
      "svd": {
        "loss": 3.0517330169677734,
        "delta": 0.07957744598388672
      },
      "random": {
        "loss": 2.974191665649414,
        "delta": 0.0020360946655273438
      }
    },
    "512": {
      "svd": {
        "loss": 3.0166561603546143,
        "delta": 0.04450058937072754
      },
      "random": {
        "loss": 2.9728615283966064,
        "delta": 0.0007059574127197266
      }
    }
  },
  "k_independent": {
    "zero": {
      "loss": 3.004055976867676,
      "delta": 0.03190040588378906
    },
    "shuffle": {
      "loss": 3.007587194442749,
      "delta": 0.035431623458862305
    }
  },
  "baseline_loss": 2.9721555709838867
}