{
  "config": {
    "svd_dir": "/worxpace/repos/py/GaleMoE/svd_cache/float/w3/",
    "layer_idx": 8,
    "output_dir": "results_scale10/",
    "num_experts": 8,
    "model_id": "mistralai/Mixtral-8x7B-v0.1",
    "model_tag": "mistralai_Mixtral_8x7B_v0.1",
    "num_samples": 500,
    "seq_len": 64,
    "batch_size": 500,
    "seed": 42,
    "variations": [
      "svd",
      "random",
      "zero",
      "shuffle"
    ],
    "dataset": "wikitext",
    "text_file": null,
    "top_k": [
      1,
      2,
      4,
      8,
      16,
      32,
      64,
      128,
      256,
      512
    ],
    "quantization": null,
    "scale": 10.0
  },
  "by_k": {
    "1": {
      "svd": {
        "loss": 2.9790241718292236,
        "delta": 0.006868600845336914
      },
      "random": {
        "loss": 2.9789726734161377,
        "delta": 0.0068171024322509766
      }
    },
    "2": {
      "svd": {
        "loss": 2.9826555252075195,
        "delta": 0.010499954223632812
      },
      "random": {
        "loss": 2.9852161407470703,
        "delta": 0.013060569763183594
      }
    },
    "4": {
      "svd": {
        "loss": 2.989090919494629,
        "delta": 0.016935348510742188
      },
      "random": {
        "loss": 2.9819436073303223,
        "delta": 0.009788036346435547
      }
    },
    "8": {
      "svd": {
        "loss": 2.9928019046783447,
        "delta": 0.020646333694458008
      },
      "random": {
        "loss": 2.974423885345459,
        "delta": 0.0022683143615722656
      }
    },
    "16": {
      "svd": {
        "loss": 2.9947898387908936,
        "delta": 0.022634267807006836
      },
      "random": {
        "loss": 2.9759504795074463,
        "delta": 0.0037949085235595703
      }
    },
    "32": {
      "svd": {
        "loss": 2.995089530944824,
        "delta": 0.0229339599609375
      },
      "random": {
        "loss": 2.9748575687408447,
        "delta": 0.002701997756958008
      }
    },
    "64": {
      "svd": {
        "loss": 3.000272750854492,
        "delta": 0.02811717987060547
      },
      "random": {
        "loss": 2.974123001098633,
        "delta": 0.0019674301147460938
      }
    },
    "128": {
      "svd": {
        "loss": 3.0010502338409424,
        "delta": 0.028894662857055664
      },
      "random": {
        "loss": 2.9719481468200684,
        "delta": -0.00020742416381835938
      }
    },
    "256": {
      "svd": {
        "loss": 3.002997636795044,
        "delta": 0.030842065811157227
      },
      "random": {
        "loss": 2.9709551334381104,
        "delta": -0.0012004375457763672
      }
    },
    "512": {
      "svd": {
        "loss": 3.0039641857147217,
        "delta": 0.03180861473083496
      },
      "random": {
        "loss": 2.9718804359436035,
        "delta": -0.0002751350402832031
      }
    }
  },
  "k_independent": {
    "zero": {
      "loss": 2.9887044429779053,
      "delta": 0.016548871994018555
    },
    "shuffle": {
      "loss": 2.995089530944824,
      "delta": 0.0229339599609375
    }
  },
  "baseline_loss": 2.9721555709838867
}