{
  "config": {
    "svd_dir": "/worxpace/repos/py/GaleMoE/svd_cache/float/w3/",
    "layer_idx": 28,
    "output_dir": "results_scale10/",
    "num_experts": 8,
    "model_id": "mistralai/Mixtral-8x7B-v0.1",
    "model_tag": "mistralai_Mixtral_8x7B_v0.1",
    "num_samples": 500,
    "seq_len": 64,
    "batch_size": 500,
    "seed": 42,
    "variations": [
      "svd",
      "random",
      "zero",
      "shuffle"
    ],
    "dataset": "wikitext",
    "text_file": null,
    "top_k": [
      1,
      2,
      4,
      8,
      16,
      32,
      64,
      128,
      256,
      512
    ],
    "quantization": null,
    "scale": 10.0
  },
  "by_k": {
    "1": {
      "svd": {
        "loss": 3.0287864208221436,
        "delta": 0.056630849838256836
      },
      "random": {
        "loss": 3.028818130493164,
        "delta": 0.056662559509277344
      }
    },
    "2": {
      "svd": {
        "loss": 3.035141944885254,
        "delta": 0.06298637390136719
      },
      "random": {
        "loss": 3.0353124141693115,
        "delta": 0.0631568431854248
      }
    },
    "4": {
      "svd": {
        "loss": 3.0351028442382812,
        "delta": 0.06294727325439453
      },
      "random": {
        "loss": 3.0272014141082764,
        "delta": 0.05504584312438965
      }
    },
    "8": {
      "svd": {
        "loss": 3.034355401992798,
        "delta": 0.06219983100891113
      },
      "random": {
        "loss": 3.013298988342285,
        "delta": 0.04114341735839844
      }
    },
    "16": {
      "svd": {
        "loss": 3.0326154232025146,
        "delta": 0.06045985221862793
      },
      "random": {
        "loss": 2.989219903945923,
        "delta": 0.017064332962036133
      }
    },
    "32": {
      "svd": {
        "loss": 3.0351314544677734,
        "delta": 0.06297588348388672
      },
      "random": {
        "loss": 2.9789175987243652,
        "delta": 0.006762027740478516
      }
    },
    "64": {
      "svd": {
        "loss": 3.0316054821014404,
        "delta": 0.05944991111755371
      },
      "random": {
        "loss": 2.9757800102233887,
        "delta": 0.003624439239501953
      }
    },
    "128": {
      "svd": {
        "loss": 3.0232715606689453,
        "delta": 0.051115989685058594
      },
      "random": {
        "loss": 2.973799705505371,
        "delta": 0.001644134521484375
      }
    },
    "256": {
      "svd": {
        "loss": 3.0191948413848877,
        "delta": 0.04703927040100098
      },
      "random": {
        "loss": 2.9726011753082275,
        "delta": 0.0004456043243408203
      }
    },
    "512": {
      "svd": {
        "loss": 3.02166748046875,
        "delta": 0.04951190948486328
      },
      "random": {
        "loss": 2.9719748497009277,
        "delta": -0.00018072128295898438
      }
    }
  },
  "k_independent": {
    "zero": {
      "loss": 3.024977207183838,
      "delta": 0.05282163619995117
    },
    "shuffle": {
      "loss": 3.024184465408325,
      "delta": 0.05202889442443848
    }
  },
  "baseline_loss": 2.9721555709838867
}