{
  "config": {
    "svd_dir": "/worxpace/repos/py/GaleMoE/svd_cache/float/w3/",
    "layer_idx": 6,
    "output_dir": "results_scale10/",
    "num_experts": 8,
    "model_id": "mistralai/Mixtral-8x7B-v0.1",
    "model_tag": "mistralai_Mixtral_8x7B_v0.1",
    "num_samples": 500,
    "seq_len": 64,
    "batch_size": 500,
    "seed": 42,
    "variations": [
      "svd",
      "random",
      "zero",
      "shuffle"
    ],
    "dataset": "wikitext",
    "text_file": null,
    "top_k": [
      1,
      2,
      4,
      8,
      16,
      32,
      64,
      128,
      256,
      512
    ],
    "quantization": null,
    "scale": 10.0
  },
  "by_k": {
    "1": {
      "svd": {
        "loss": 2.9785592555999756,
        "delta": 0.006403684616088867
      },
      "random": {
        "loss": 2.9785494804382324,
        "delta": 0.006393909454345703
      }
    },
    "2": {
      "svd": {
        "loss": 2.9829001426696777,
        "delta": 0.010744571685791016
      },
      "random": {
        "loss": 2.9897027015686035,
        "delta": 0.017547130584716797
      }
    },
    "4": {
      "svd": {
        "loss": 2.9823157787323,
        "delta": 0.010160207748413086
      },
      "random": {
        "loss": 2.9792063236236572,
        "delta": 0.007050752639770508
      }
    },
    "8": {
      "svd": {
        "loss": 2.989126443862915,
        "delta": 0.01697087287902832
      },
      "random": {
        "loss": 2.9819207191467285,
        "delta": 0.009765148162841797
      }
    },
    "16": {
      "svd": {
        "loss": 2.9935970306396484,
        "delta": 0.02144145965576172
      },
      "random": {
        "loss": 2.97186279296875,
        "delta": -0.00029277801513671875
      }
    },
    "32": {
      "svd": {
        "loss": 2.994523525238037,
        "delta": 0.02236795425415039
      },
      "random": {
        "loss": 2.974792003631592,
        "delta": 0.002636432647705078
      }
    },
    "64": {
      "svd": {
        "loss": 2.9952762126922607,
        "delta": 0.023120641708374023
      },
      "random": {
        "loss": 2.9739696979522705,
        "delta": 0.001814126968383789
      }
    },
    "128": {
      "svd": {
        "loss": 2.9961814880371094,
        "delta": 0.024025917053222656
      },
      "random": {
        "loss": 2.9745938777923584,
        "delta": 0.0024383068084716797
      }
    },
    "256": {
      "svd": {
        "loss": 2.9983272552490234,
        "delta": 0.02617168426513672
      },
      "random": {
        "loss": 2.9724323749542236,
        "delta": 0.00027680397033691406
      }
    },
    "512": {
      "svd": {
        "loss": 2.997603178024292,
        "delta": 0.025447607040405273
      },
      "random": {
        "loss": 2.9718575477600098,
        "delta": -0.0002980232238769531
      }
    }
  },
  "k_independent": {
    "zero": {
      "loss": 2.983191728591919,
      "delta": 0.011036157608032227
    },
    "shuffle": {
      "loss": 2.990178108215332,
      "delta": 0.018022537231445312
    }
  },
  "baseline_loss": 2.9721555709838867
}