{
  "config": {
    "svd_dir": "/worxpace/repos/py/GaleMoE/svd_cache/float/w3/",
    "layer_idx": 9,
    "output_dir": "results_scale10/",
    "num_experts": 8,
    "model_id": "mistralai/Mixtral-8x7B-v0.1",
    "model_tag": "mistralai_Mixtral_8x7B_v0.1",
    "num_samples": 500,
    "seq_len": 64,
    "batch_size": 500,
    "seed": 42,
    "variations": [
      "svd",
      "random",
      "zero",
      "shuffle"
    ],
    "dataset": "wikitext",
    "text_file": null,
    "top_k": [
      1,
      2,
      4,
      8,
      16,
      32,
      64,
      128,
      256,
      512
    ],
    "quantization": null,
    "scale": 10.0
  },
  "by_k": {
    "1": {
      "svd": {
        "loss": 2.98097562789917,
        "delta": 0.008820056915283203
      },
      "random": {
        "loss": 2.9809772968292236,
        "delta": 0.008821725845336914
      }
    },
    "2": {
      "svd": {
        "loss": 2.983955144882202,
        "delta": 0.01179957389831543
      },
      "random": {
        "loss": 2.976895570755005,
        "delta": 0.004739999771118164
      }
    },
    "4": {
      "svd": {
        "loss": 2.9856326580047607,
        "delta": 0.013477087020874023
      },
      "random": {
        "loss": 2.976362466812134,
        "delta": 0.00420689582824707
      }
    },
    "8": {
      "svd": {
        "loss": 2.982607841491699,
        "delta": 0.0104522705078125
      },
      "random": {
        "loss": 2.9779231548309326,
        "delta": 0.0057675838470458984
      }
    },
    "16": {
      "svd": {
        "loss": 2.986427068710327,
        "delta": 0.01427149772644043
      },
      "random": {
        "loss": 2.973109722137451,
        "delta": 0.0009541511535644531
      }
    },
    "32": {
      "svd": {
        "loss": 2.982814073562622,
        "delta": 0.010658502578735352
      },
      "random": {
        "loss": 2.9736580848693848,
        "delta": 0.0015025138854980469
      }
    },
    "64": {
      "svd": {
        "loss": 2.9831020832061768,
        "delta": 0.010946512222290039
      },
      "random": {
        "loss": 2.9726741313934326,
        "delta": 0.0005185604095458984
      }
    },
    "128": {
      "svd": {
        "loss": 2.9855284690856934,
        "delta": 0.01337289810180664
      },
      "random": {
        "loss": 2.9722135066986084,
        "delta": 5.793571472167969e-05
      }
    },
    "256": {
      "svd": {
        "loss": 2.9838900566101074,
        "delta": 0.011734485626220703
      },
      "random": {
        "loss": 2.9716341495513916,
        "delta": -0.0005214214324951172
      }
    },
    "512": {
      "svd": {
        "loss": 2.9855082035064697,
        "delta": 0.013352632522583008
      },
      "random": {
        "loss": 2.972878932952881,
        "delta": 0.0007233619689941406
      }
    }
  },
  "k_independent": {
    "zero": {
      "loss": 2.976902484893799,
      "delta": 0.004746913909912109
    },
    "shuffle": {
      "loss": 2.976421356201172,
      "delta": 0.004265785217285156
    }
  },
  "baseline_loss": 2.9721555709838867
}