{
  "config": {
    "svd_dir": "/worxpace/repos/py/GaleMoE/svd_cache/float/w3/",
    "layer_idx": 5,
    "output_dir": "results_scale10/",
    "num_experts": 8,
    "model_id": "mistralai/Mixtral-8x7B-v0.1",
    "model_tag": "mistralai_Mixtral_8x7B_v0.1",
    "num_samples": 500,
    "seq_len": 64,
    "batch_size": 500,
    "seed": 42,
    "variations": [
      "svd",
      "random",
      "zero",
      "shuffle"
    ],
    "dataset": "wikitext",
    "text_file": null,
    "top_k": [
      1,
      2,
      4,
      8,
      16,
      32,
      64,
      128,
      256,
      512
    ],
    "quantization": null,
    "scale": 10.0
  },
  "by_k": {
    "1": {
      "svd": {
        "loss": 2.9733808040618896,
        "delta": 0.0012252330780029297
      },
      "random": {
        "loss": 2.9733808040618896,
        "delta": 0.0012252330780029297
      }
    },
    "2": {
      "svd": {
        "loss": 2.982394218444824,
        "delta": 0.0102386474609375
      },
      "random": {
        "loss": 2.991490602493286,
        "delta": 0.019335031509399414
      }
    },
    "4": {
      "svd": {
        "loss": 2.9833984375,
        "delta": 0.011242866516113281
      },
      "random": {
        "loss": 2.9847943782806396,
        "delta": 0.01263880729675293
      }
    },
    "8": {
      "svd": {
        "loss": 2.9892759323120117,
        "delta": 0.017120361328125
      },
      "random": {
        "loss": 2.9805335998535156,
        "delta": 0.008378028869628906
      }
    },
    "16": {
      "svd": {
        "loss": 2.9897189140319824,
        "delta": 0.017563343048095703
      },
      "random": {
        "loss": 2.9774789810180664,
        "delta": 0.0053234100341796875
      }
    },
    "32": {
      "svd": {
        "loss": 2.9955852031707764,
        "delta": 0.02342963218688965
      },
      "random": {
        "loss": 2.971771478652954,
        "delta": -0.0003840923309326172
      }
    },
    "64": {
      "svd": {
        "loss": 2.9994351863861084,
        "delta": 0.02727961540222168
      },
      "random": {
        "loss": 2.9740686416625977,
        "delta": 0.0019130706787109375
      }
    },
    "128": {
      "svd": {
        "loss": 3.0016939640045166,
        "delta": 0.029538393020629883
      },
      "random": {
        "loss": 2.973233699798584,
        "delta": 0.0010781288146972656
      }
    },
    "256": {
      "svd": {
        "loss": 3.0030131340026855,
        "delta": 0.030857563018798828
      },
      "random": {
        "loss": 2.9733083248138428,
        "delta": 0.0011527538299560547
      }
    },
    "512": {
      "svd": {
        "loss": 3.006347894668579,
        "delta": 0.03419232368469238
      },
      "random": {
        "loss": 2.973116636276245,
        "delta": 0.0009610652923583984
      }
    }
  },
  "k_independent": {
    "zero": {
      "loss": 2.9978063106536865,
      "delta": 0.025650739669799805
    },
    "shuffle": {
      "loss": 2.999642848968506,
      "delta": 0.02748727798461914
    }
  },
  "baseline_loss": 2.9721555709838867
}