{
  "config": {
    "svd_dir": "/worxpace/repos/py/GaleMoE/svd_cache/float/w3/",
    "layer_idx": 14,
    "output_dir": "results_scale10/",
    "num_experts": 8,
    "model_id": "mistralai/Mixtral-8x7B-v0.1",
    "model_tag": "mistralai_Mixtral_8x7B_v0.1",
    "num_samples": 500,
    "seq_len": 64,
    "batch_size": 500,
    "seed": 42,
    "variations": [
      "svd",
      "random",
      "zero",
      "shuffle"
    ],
    "dataset": "wikitext",
    "text_file": null,
    "top_k": [
      1,
      2,
      4,
      8,
      16,
      32,
      64,
      128,
      256,
      512
    ],
    "quantization": null,
    "scale": 10.0
  },
  "by_k": {
    "1": {
      "svd": {
        "loss": 2.978653907775879,
        "delta": 0.0064983367919921875
      },
      "random": {
        "loss": 2.9786248207092285,
        "delta": 0.006469249725341797
      }
    },
    "2": {
      "svd": {
        "loss": 2.979818344116211,
        "delta": 0.007662773132324219
      },
      "random": {
        "loss": 2.9777655601501465,
        "delta": 0.005609989166259766
      }
    },
    "4": {
      "svd": {
        "loss": 2.9809751510620117,
        "delta": 0.008819580078125
      },
      "random": {
        "loss": 2.9750113487243652,
        "delta": 0.0028557777404785156
      }
    },
    "8": {
      "svd": {
        "loss": 2.980903387069702,
        "delta": 0.00874781608581543
      },
      "random": {
        "loss": 2.97558856010437,
        "delta": 0.0034329891204833984
      }
    },
    "16": {
      "svd": {
        "loss": 2.9801406860351562,
        "delta": 0.007985115051269531
      },
      "random": {
        "loss": 2.97248911857605,
        "delta": 0.00033354759216308594
      }
    },
    "32": {
      "svd": {
        "loss": 2.9844810962677,
        "delta": 0.012325525283813477
      },
      "random": {
        "loss": 2.9735825061798096,
        "delta": 0.0014269351959228516
      }
    },
    "64": {
      "svd": {
        "loss": 2.9866490364074707,
        "delta": 0.014493465423583984
      },
      "random": {
        "loss": 2.9734628200531006,
        "delta": 0.0013072490692138672
      }
    },
    "128": {
      "svd": {
        "loss": 2.987272024154663,
        "delta": 0.015116453170776367
      },
      "random": {
        "loss": 2.9740235805511475,
        "delta": 0.0018680095672607422
      }
    },
    "256": {
      "svd": {
        "loss": 2.988590955734253,
        "delta": 0.01643538475036621
      },
      "random": {
        "loss": 2.9727768898010254,
        "delta": 0.0006213188171386719
      }
    },
    "512": {
      "svd": {
        "loss": 2.989818811416626,
        "delta": 0.017663240432739258
      },
      "random": {
        "loss": 2.9717533588409424,
        "delta": -0.00040221214294433594
      }
    }
  },
  "k_independent": {
    "zero": {
      "loss": 2.98358154296875,
      "delta": 0.011425971984863281
    },
    "shuffle": {
      "loss": 2.9827823638916016,
      "delta": 0.010626792907714844
    }
  },
  "baseline_loss": 2.9721555709838867
}