{
  "config": {
    "svd_dir": "/worxpace/repos/py/GaleMoE/svd_cache/float/w3/",
    "layer_idx": 3,
    "output_dir": "results_scale10/",
    "num_experts": 8,
    "model_id": "mistralai/Mixtral-8x7B-v0.1",
    "model_tag": "mistralai_Mixtral_8x7B_v0.1",
    "num_samples": 500,
    "seq_len": 64,
    "batch_size": 500,
    "seed": 42,
    "variations": [
      "svd",
      "random",
      "zero",
      "shuffle"
    ],
    "dataset": "wikitext",
    "text_file": null,
    "top_k": [
      1,
      2,
      4,
      8,
      16,
      32,
      64,
      128,
      256,
      512
    ],
    "quantization": null,
    "scale": 10.0
  },
  "by_k": {
    "1": {
      "svd": {
        "loss": 2.9773826599121094,
        "delta": 0.005227088928222656
      },
      "random": {
        "loss": 2.9773521423339844,
        "delta": 0.005196571350097656
      }
    },
    "2": {
      "svd": {
        "loss": 2.9818098545074463,
        "delta": 0.00965428352355957
      },
      "random": {
        "loss": 2.988853931427002,
        "delta": 0.016698360443115234
      }
    },
    "4": {
      "svd": {
        "loss": 2.98779559135437,
        "delta": 0.0156400203704834
      },
      "random": {
        "loss": 2.979130744934082,
        "delta": 0.0069751739501953125
      }
    },
    "8": {
      "svd": {
        "loss": 2.9902398586273193,
        "delta": 0.018084287643432617
      },
      "random": {
        "loss": 2.979877233505249,
        "delta": 0.007721662521362305
      }
    },
    "16": {
      "svd": {
        "loss": 2.9961729049682617,
        "delta": 0.024017333984375
      },
      "random": {
        "loss": 2.977898120880127,
        "delta": 0.005742549896240234
      }
    },
    "32": {
      "svd": {
        "loss": 3.0093283653259277,
        "delta": 0.037172794342041016
      },
      "random": {
        "loss": 2.9747397899627686,
        "delta": 0.002584218978881836
      }
    },
    "64": {
      "svd": {
        "loss": 3.0175862312316895,
        "delta": 0.045430660247802734
      },
      "random": {
        "loss": 2.973325729370117,
        "delta": 0.0011701583862304688
      }
    },
    "128": {
      "svd": {
        "loss": 3.0242176055908203,
        "delta": 0.052062034606933594
      },
      "random": {
        "loss": 2.972810745239258,
        "delta": 0.0006551742553710938
      }
    },
    "256": {
      "svd": {
        "loss": 3.0402591228485107,
        "delta": 0.06810355186462402
      },
      "random": {
        "loss": 2.9731252193450928,
        "delta": 0.0009696483612060547
      }
    },
    "512": {
      "svd": {
        "loss": 3.0479869842529297,
        "delta": 0.07583141326904297
      },
      "random": {
        "loss": 2.9733612537384033,
        "delta": 0.0012056827545166016
      }
    }
  },
  "k_independent": {
    "zero": {
      "loss": 3.016400098800659,
      "delta": 0.04424452781677246
    },
    "shuffle": {
      "loss": 3.0461056232452393,
      "delta": 0.07395005226135254
    }
  },
  "baseline_loss": 2.9721555709838867
}