{
  "config": {
    "svd_dir": "/worxpace/repos/py/GaleMoE/svd_cache/float/w3/",
    "layer_idx": 0,
    "output_dir": "results_scale10/",
    "num_experts": 8,
    "model_id": "mistralai/Mixtral-8x7B-v0.1",
    "model_tag": "mistralai_Mixtral_8x7B_v0.1",
    "num_samples": 500,
    "seq_len": 64,
    "batch_size": 500,
    "seed": 42,
    "variations": [
      "svd",
      "random",
      "zero",
      "shuffle"
    ],
    "dataset": "wikitext",
    "text_file": null,
    "top_k": [
      1,
      2,
      4,
      8,
      16,
      32,
      64,
      128,
      256,
      512
    ],
    "quantization": null,
    "scale": 10.0
  },
  "by_k": {
    "1": {
      "svd": {
        "loss": 2.977757692337036,
        "delta": 0.005602121353149414
      },
      "random": {
        "loss": 2.97786283493042,
        "delta": 0.005707263946533203
      }
    },
    "2": {
      "svd": {
        "loss": 2.9885292053222656,
        "delta": 0.016373634338378906
      },
      "random": {
        "loss": 2.9852166175842285,
        "delta": 0.013061046600341797
      }
    },
    "4": {
      "svd": {
        "loss": 2.9976918697357178,
        "delta": 0.025536298751831055
      },
      "random": {
        "loss": 2.9822535514831543,
        "delta": 0.010097980499267578
      }
    },
    "8": {
      "svd": {
        "loss": 2.993072748184204,
        "delta": 0.020917177200317383
      },
      "random": {
        "loss": 2.984377384185791,
        "delta": 0.012221813201904297
      }
    },
    "16": {
      "svd": {
        "loss": 2.9954328536987305,
        "delta": 0.02327728271484375
      },
      "random": {
        "loss": 2.972752094268799,
        "delta": 0.0005965232849121094
      }
    },
    "32": {
      "svd": {
        "loss": 3.020526647567749,
        "delta": 0.048371076583862305
      },
      "random": {
        "loss": 2.972805976867676,
        "delta": 0.0006504058837890625
      }
    },
    "64": {
      "svd": {
        "loss": 3.0275986194610596,
        "delta": 0.05544304847717285
      },
      "random": {
        "loss": 2.972076416015625,
        "delta": -7.915496826171875e-05
      }
    },
    "128": {
      "svd": {
        "loss": 3.036267042160034,
        "delta": 0.06411147117614746
      },
      "random": {
        "loss": 2.9729132652282715,
        "delta": 0.0007576942443847656
      }
    },
    "256": {
      "svd": {
        "loss": 3.2904930114746094,
        "delta": 0.31833744049072266
      },
      "random": {
        "loss": 2.9716413021087646,
        "delta": -0.0005142688751220703
      }
    },
    "512": {
      "svd": {
        "loss": 3.3375701904296875,
        "delta": 0.3654146194458008
      },
      "random": {
        "loss": 2.972766399383545,
        "delta": 0.0006108283996582031
      }
    }
  },
  "k_independent": {
    "zero": {
      "loss": 3.1942946910858154,
      "delta": 0.2221391201019287
    },
    "shuffle": {
      "loss": 3.3319451808929443,
      "delta": 0.3597896099090576
    }
  },
  "baseline_loss": 2.9721555709838867
}