{
  "config": {
    "svd_dir": "/worxpace/repos/py/GaleMoE/svd_cache/float/w3/",
    "layer_idx": 27,
    "output_dir": "results_scale10/",
    "num_experts": 8,
    "model_id": "mistralai/Mixtral-8x7B-v0.1",
    "model_tag": "mistralai_Mixtral_8x7B_v0.1",
    "num_samples": 500,
    "seq_len": 64,
    "batch_size": 500,
    "seed": 42,
    "variations": [
      "svd",
      "random",
      "zero",
      "shuffle"
    ],
    "dataset": "wikitext",
    "text_file": null,
    "top_k": [
      1,
      2,
      4,
      8,
      16,
      32,
      64,
      128,
      256,
      512
    ],
    "quantization": null,
    "scale": 10.0
  },
  "by_k": {
    "1": {
      "svd": {
        "loss": 3.0020639896392822,
        "delta": 0.029908418655395508
      },
      "random": {
        "loss": 3.0020639896392822,
        "delta": 0.029908418655395508
      }
    },
    "2": {
      "svd": {
        "loss": 3.008639335632324,
        "delta": 0.0364837646484375
      },
      "random": {
        "loss": 3.0049562454223633,
        "delta": 0.03280067443847656
      }
    },
    "4": {
      "svd": {
        "loss": 3.009850263595581,
        "delta": 0.037694692611694336
      },
      "random": {
        "loss": 3.0081498622894287,
        "delta": 0.03599429130554199
      }
    },
    "8": {
      "svd": {
        "loss": 3.007037401199341,
        "delta": 0.0348818302154541
      },
      "random": {
        "loss": 2.996519088745117,
        "delta": 0.02436351776123047
      }
    },
    "16": {
      "svd": {
        "loss": 3.0091187953948975,
        "delta": 0.03696322441101074
      },
      "random": {
        "loss": 2.992607355117798,
        "delta": 0.020451784133911133
      }
    },
    "32": {
      "svd": {
        "loss": 3.009784460067749,
        "delta": 0.037628889083862305
      },
      "random": {
        "loss": 2.9903745651245117,
        "delta": 0.018218994140625
      }
    },
    "64": {
      "svd": {
        "loss": 3.0097780227661133,
        "delta": 0.03762245178222656
      },
      "random": {
        "loss": 2.98240065574646,
        "delta": 0.010245084762573242
      }
    },
    "128": {
      "svd": {
        "loss": 3.0103917121887207,
        "delta": 0.038236141204833984
      },
      "random": {
        "loss": 2.9774913787841797,
        "delta": 0.005335807800292969
      }
    },
    "256": {
      "svd": {
        "loss": 3.0105481147766113,
        "delta": 0.03839254379272461
      },
      "random": {
        "loss": 2.9742558002471924,
        "delta": 0.002100229263305664
      }
    },
    "512": {
      "svd": {
        "loss": 3.010603189468384,
        "delta": 0.03844761848449707
      },
      "random": {
        "loss": 2.9734535217285156,
        "delta": 0.0012979507446289062
      }
    }
  },
  "k_independent": {
    "zero": {
      "loss": 2.99639630317688,
      "delta": 0.024240732192993164
    },
    "shuffle": {
      "loss": 3.0081052780151367,
      "delta": 0.03594970703125
    }
  },
  "baseline_loss": 2.9721555709838867
}