{
  "config": {
    "svd_dir": "/worxpace/repos/py/GaleMoE/svd_cache/float/w3/",
    "layer_idx": 2,
    "output_dir": "results_scale10/",
    "num_experts": 8,
    "model_id": "mistralai/Mixtral-8x7B-v0.1",
    "model_tag": "mistralai_Mixtral_8x7B_v0.1",
    "num_samples": 500,
    "seq_len": 64,
    "batch_size": 500,
    "seed": 42,
    "variations": [
      "svd",
      "random",
      "zero",
      "shuffle"
    ],
    "dataset": "wikitext",
    "text_file": null,
    "top_k": [
      1,
      2,
      4,
      8,
      16,
      32,
      64,
      128,
      256,
      512
    ],
    "quantization": null,
    "scale": 10.0
  },
  "by_k": {
    "1": {
      "svd": {
        "loss": 2.974698305130005,
        "delta": 0.002542734146118164
      },
      "random": {
        "loss": 2.974698305130005,
        "delta": 0.002542734146118164
      }
    },
    "2": {
      "svd": {
        "loss": 2.97599458694458,
        "delta": 0.0038390159606933594
      },
      "random": {
        "loss": 2.976367473602295,
        "delta": 0.004211902618408203
      }
    },
    "4": {
      "svd": {
        "loss": 2.9808897972106934,
        "delta": 0.00873422622680664
      },
      "random": {
        "loss": 2.9750847816467285,
        "delta": 0.002929210662841797
      }
    },
    "8": {
      "svd": {
        "loss": 2.986971139907837,
        "delta": 0.014815568923950195
      },
      "random": {
        "loss": 2.975709915161133,
        "delta": 0.0035543441772460938
      }
    },
    "16": {
      "svd": {
        "loss": 2.990952491760254,
        "delta": 0.018796920776367188
      },
      "random": {
        "loss": 2.9711530208587646,
        "delta": -0.0010025501251220703
      }
    },
    "32": {
      "svd": {
        "loss": 3.0072782039642334,
        "delta": 0.03512263298034668
      },
      "random": {
        "loss": 2.9735915660858154,
        "delta": 0.001435995101928711
      }
    },
    "64": {
      "svd": {
        "loss": 3.0169930458068848,
        "delta": 0.04483747482299805
      },
      "random": {
        "loss": 2.973442316055298,
        "delta": 0.0012867450714111328
      }
    },
    "128": {
      "svd": {
        "loss": 3.025850296020508,
        "delta": 0.053694725036621094
      },
      "random": {
        "loss": 2.972843647003174,
        "delta": 0.0006880760192871094
      }
    },
    "256": {
      "svd": {
        "loss": 3.043538808822632,
        "delta": 0.07138323783874512
      },
      "random": {
        "loss": 2.9740593433380127,
        "delta": 0.0019037723541259766
      }
    },
    "512": {
      "svd": {
        "loss": 3.0470774173736572,
        "delta": 0.07492184638977051
      },
      "random": {
        "loss": 2.973388910293579,
        "delta": 0.0012333393096923828
      }
    }
  },
  "k_independent": {
    "zero": {
      "loss": 3.0129284858703613,
      "delta": 0.04077291488647461
    },
    "shuffle": {
      "loss": 3.038626194000244,
      "delta": 0.06647062301635742
    }
  },
  "baseline_loss": 2.9721555709838867
}