{
  "config": {
    "svd_dir": "/worxpace/repos/py/GaleMoE/svd_cache/float/w3/",
    "layer_idx": 13,
    "output_dir": "results_scale10/",
    "num_experts": 8,
    "model_id": "mistralai/Mixtral-8x7B-v0.1",
    "model_tag": "mistralai_Mixtral_8x7B_v0.1",
    "num_samples": 500,
    "seq_len": 64,
    "batch_size": 500,
    "seed": 42,
    "variations": [
      "svd",
      "random",
      "zero",
      "shuffle"
    ],
    "dataset": "wikitext",
    "text_file": null,
    "top_k": [
      1,
      2,
      4,
      8,
      16,
      32,
      64,
      128,
      256,
      512
    ],
    "quantization": null,
    "scale": 10.0
  },
  "by_k": {
    "1": {
      "svd": {
        "loss": 2.9751312732696533,
        "delta": 0.0029757022857666016
      },
      "random": {
        "loss": 2.9751312732696533,
        "delta": 0.0029757022857666016
      }
    },
    "2": {
      "svd": {
        "loss": 2.9777135848999023,
        "delta": 0.005558013916015625
      },
      "random": {
        "loss": 2.974717855453491,
        "delta": 0.002562284469604492
      }
    },
    "4": {
      "svd": {
        "loss": 2.9825687408447266,
        "delta": 0.010413169860839844
      },
      "random": {
        "loss": 2.9757518768310547,
        "delta": 0.0035963058471679688
      }
    },
    "8": {
      "svd": {
        "loss": 2.9842066764831543,
        "delta": 0.012051105499267578
      },
      "random": {
        "loss": 2.97342848777771,
        "delta": 0.0012729167938232422
      }
    },
    "16": {
      "svd": {
        "loss": 2.9857089519500732,
        "delta": 0.013553380966186523
      },
      "random": {
        "loss": 2.976067066192627,
        "delta": 0.003911495208740234
      }
    },
    "32": {
      "svd": {
        "loss": 2.9896419048309326,
        "delta": 0.0174863338470459
      },
      "random": {
        "loss": 2.9743847846984863,
        "delta": 0.0022292137145996094
      }
    },
    "64": {
      "svd": {
        "loss": 2.9918429851531982,
        "delta": 0.019687414169311523
      },
      "random": {
        "loss": 2.9728548526763916,
        "delta": 0.0006992816925048828
      }
    },
    "128": {
      "svd": {
        "loss": 2.994105577468872,
        "delta": 0.02195000648498535
      },
      "random": {
        "loss": 2.972560167312622,
        "delta": 0.00040459632873535156
      }
    },
    "256": {
      "svd": {
        "loss": 2.994828462600708,
        "delta": 0.02267289161682129
      },
      "random": {
        "loss": 2.9726366996765137,
        "delta": 0.0004811286926269531
      }
    },
    "512": {
      "svd": {
        "loss": 2.995154619216919,
        "delta": 0.022999048233032227
      },
      "random": {
        "loss": 2.972440481185913,
        "delta": 0.0002849102020263672
      }
    }
  },
  "k_independent": {
    "zero": {
      "loss": 2.9914119243621826,
      "delta": 0.0192563533782959
    },
    "shuffle": {
      "loss": 2.98707914352417,
      "delta": 0.014923572540283203
    }
  },
  "baseline_loss": 2.9721555709838867
}