{
  "config": {
    "svd_dir": "/worxpace/repos/py/GaleMoE/svd_cache/float/w3/",
    "layer_idx": 12,
    "output_dir": "results_scale10/",
    "num_experts": 8,
    "model_id": "mistralai/Mixtral-8x7B-v0.1",
    "model_tag": "mistralai_Mixtral_8x7B_v0.1",
    "num_samples": 500,
    "seq_len": 64,
    "batch_size": 500,
    "seed": 42,
    "variations": [
      "svd",
      "random",
      "zero",
      "shuffle"
    ],
    "dataset": "wikitext",
    "text_file": null,
    "top_k": [
      1,
      2,
      4,
      8,
      16,
      32,
      64,
      128,
      256,
      512
    ],
    "quantization": null,
    "scale": 10.0
  },
  "by_k": {
    "1": {
      "svd": {
        "loss": 2.9753739833831787,
        "delta": 0.003218412399291992
      },
      "random": {
        "loss": 2.9754440784454346,
        "delta": 0.0032885074615478516
      }
    },
    "2": {
      "svd": {
        "loss": 2.9807443618774414,
        "delta": 0.008588790893554688
      },
      "random": {
        "loss": 2.9837000370025635,
        "delta": 0.011544466018676758
      }
    },
    "4": {
      "svd": {
        "loss": 2.9850025177001953,
        "delta": 0.012846946716308594
      },
      "random": {
        "loss": 2.985684633255005,
        "delta": 0.013529062271118164
      }
    },
    "8": {
      "svd": {
        "loss": 2.9883196353912354,
        "delta": 0.016164064407348633
      },
      "random": {
        "loss": 2.9829647541046143,
        "delta": 0.010809183120727539
      }
    },
    "16": {
      "svd": {
        "loss": 2.9919750690460205,
        "delta": 0.01981949806213379
      },
      "random": {
        "loss": 2.985783338546753,
        "delta": 0.013627767562866211
      }
    },
    "32": {
      "svd": {
        "loss": 2.9948947429656982,
        "delta": 0.022739171981811523
      },
      "random": {
        "loss": 2.977170467376709,
        "delta": 0.005014896392822266
      }
    },
    "64": {
      "svd": {
        "loss": 2.9968438148498535,
        "delta": 0.024688243865966797
      },
      "random": {
        "loss": 2.9734227657318115,
        "delta": 0.0012671947479248047
      }
    },
    "128": {
      "svd": {
        "loss": 2.9984114170074463,
        "delta": 0.02625584602355957
      },
      "random": {
        "loss": 2.9732539653778076,
        "delta": 0.0010983943939208984
      }
    },
    "256": {
      "svd": {
        "loss": 2.9984827041625977,
        "delta": 0.026327133178710938
      },
      "random": {
        "loss": 2.971397876739502,
        "delta": -0.0007576942443847656
      }
    },
    "512": {
      "svd": {
        "loss": 2.998108386993408,
        "delta": 0.025952816009521484
      },
      "random": {
        "loss": 2.9726219177246094,
        "delta": 0.00046634674072265625
      }
    }
  },
  "k_independent": {
    "zero": {
      "loss": 2.9847986698150635,
      "delta": 0.012643098831176758
    },
    "shuffle": {
      "loss": 2.986550807952881,
      "delta": 0.01439523696899414
    }
  },
  "baseline_loss": 2.9721555709838867
}