{
  "config": {
    "svd_dir": "/worxpace/repos/py/GaleMoE/svd_cache/float/w3/",
    "layer_idx": 31,
    "output_dir": "results_scale10/",
    "num_experts": 8,
    "model_id": "mistralai/Mixtral-8x7B-v0.1",
    "model_tag": "mistralai_Mixtral_8x7B_v0.1",
    "num_samples": 500,
    "seq_len": 64,
    "batch_size": 500,
    "seed": 42,
    "variations": [
      "svd",
      "random",
      "zero",
      "shuffle"
    ],
    "dataset": "wikitext",
    "text_file": null,
    "top_k": [
      1,
      2,
      4,
      8,
      16,
      32,
      64,
      128,
      256,
      512
    ],
    "quantization": null,
    "scale": 10.0
  },
  "by_k": {
    "1": {
      "svd": {
        "loss": 3.030143976211548,
        "delta": 0.05798840522766113
      },
      "random": {
        "loss": 3.030143976211548,
        "delta": 0.05798840522766113
      }
    },
    "2": {
      "svd": {
        "loss": 3.030810832977295,
        "delta": 0.0586552619934082
      },
      "random": {
        "loss": 3.050595283508301,
        "delta": 0.07843971252441406
      }
    },
    "4": {
      "svd": {
        "loss": 3.050626039505005,
        "delta": 0.07847046852111816
      },
      "random": {
        "loss": 3.050600290298462,
        "delta": 0.0784447193145752
      }
    },
    "8": {
      "svd": {
        "loss": 3.0348753929138184,
        "delta": 0.06271982192993164
      },
      "random": {
        "loss": 3.0124094486236572,
        "delta": 0.04025387763977051
      }
    },
    "16": {
      "svd": {
        "loss": 3.032972812652588,
        "delta": 0.06081724166870117
      },
      "random": {
        "loss": 3.006136417388916,
        "delta": 0.0339808464050293
      }
    },
    "32": {
      "svd": {
        "loss": 3.0261571407318115,
        "delta": 0.054001569747924805
      },
      "random": {
        "loss": 3.002281427383423,
        "delta": 0.030125856399536133
      }
    },
    "64": {
      "svd": {
        "loss": 3.023751735687256,
        "delta": 0.05159616470336914
      },
      "random": {
        "loss": 2.9988479614257812,
        "delta": 0.02669239044189453
      }
    },
    "128": {
      "svd": {
        "loss": 3.022895574569702,
        "delta": 0.05074000358581543
      },
      "random": {
        "loss": 2.9970898628234863,
        "delta": 0.02493429183959961
      }
    },
    "256": {
      "svd": {
        "loss": 3.025102138519287,
        "delta": 0.05294656753540039
      },
      "random": {
        "loss": 2.982572317123413,
        "delta": 0.010416746139526367
      }
    },
    "512": {
      "svd": {
        "loss": 3.032831907272339,
        "delta": 0.06067633628845215
      },
      "random": {
        "loss": 2.9727141857147217,
        "delta": 0.0005586147308349609
      }
    }
  },
  "k_independent": {
    "zero": {
      "loss": 3.0036933422088623,
      "delta": 0.031537771224975586
    },
    "shuffle": {
      "loss": 2.9838614463806152,
      "delta": 0.011705875396728516
    }
  },
  "baseline_loss": 2.9721555709838867
}