{
  "config": {
    "svd_dir": "/worxpace/repos/py/GaleMoE/svd_cache/float/w3/",
    "layer_idx": 22,
    "output_dir": "results_scale10/",
    "num_experts": 8,
    "model_id": "mistralai/Mixtral-8x7B-v0.1",
    "model_tag": "mistralai_Mixtral_8x7B_v0.1",
    "num_samples": 500,
    "seq_len": 64,
    "batch_size": 500,
    "seed": 42,
    "variations": [
      "svd",
      "random",
      "zero",
      "shuffle"
    ],
    "dataset": "wikitext",
    "text_file": null,
    "top_k": [
      1,
      2,
      4,
      8,
      16,
      32,
      64,
      128,
      256,
      512
    ],
    "quantization": null,
    "scale": 10.0
  },
  "by_k": {
    "1": {
      "svd": {
        "loss": 2.996074914932251,
        "delta": 0.023919343948364258
      },
      "random": {
        "loss": 2.9959981441497803,
        "delta": 0.023842573165893555
      }
    },
    "2": {
      "svd": {
        "loss": 3.0021650791168213,
        "delta": 0.03000950813293457
      },
      "random": {
        "loss": 2.992201805114746,
        "delta": 0.020046234130859375
      }
    },
    "4": {
      "svd": {
        "loss": 3.001133918762207,
        "delta": 0.028978347778320312
      },
      "random": {
        "loss": 2.992068290710449,
        "delta": 0.0199127197265625
      }
    },
    "8": {
      "svd": {
        "loss": 3.001476526260376,
        "delta": 0.029320955276489258
      },
      "random": {
        "loss": 2.9878427982330322,
        "delta": 0.015687227249145508
      }
    },
    "16": {
      "svd": {
        "loss": 3.0025646686553955,
        "delta": 0.03040909767150879
      },
      "random": {
        "loss": 2.977106809616089,
        "delta": 0.0049512386322021484
      }
    },
    "32": {
      "svd": {
        "loss": 3.0007612705230713,
        "delta": 0.02860569953918457
      },
      "random": {
        "loss": 2.9750359058380127,
        "delta": 0.0028803348541259766
      }
    },
    "64": {
      "svd": {
        "loss": 3.0016040802001953,
        "delta": 0.029448509216308594
      },
      "random": {
        "loss": 2.97512149810791,
        "delta": 0.0029659271240234375
      }
    },
    "128": {
      "svd": {
        "loss": 3.001971483230591,
        "delta": 0.0298159122467041
      },
      "random": {
        "loss": 2.974485397338867,
        "delta": 0.0023298263549804688
      }
    },
    "256": {
      "svd": {
        "loss": 3.0015339851379395,
        "delta": 0.029378414154052734
      },
      "random": {
        "loss": 2.9736437797546387,
        "delta": 0.0014882087707519531
      }
    },
    "512": {
      "svd": {
        "loss": 3.002788543701172,
        "delta": 0.030632972717285156
      },
      "random": {
        "loss": 2.972803831100464,
        "delta": 0.0006482601165771484
      }
    }
  },
  "k_independent": {
    "zero": {
      "loss": 2.9919848442077637,
      "delta": 0.019829273223876953
    },
    "shuffle": {
      "loss": 3.002617835998535,
      "delta": 0.030462265014648438
    }
  },
  "baseline_loss": 2.9721555709838867
}