{
  "config": {
    "svd_dir": "/worxpace/repos/py/GaleMoE/svd_cache/float/w3/",
    "layer_idx": 25,
    "output_dir": "results_scale10/",
    "num_experts": 8,
    "model_id": "mistralai/Mixtral-8x7B-v0.1",
    "model_tag": "mistralai_Mixtral_8x7B_v0.1",
    "num_samples": 500,
    "seq_len": 64,
    "batch_size": 500,
    "seed": 42,
    "variations": [
      "svd",
      "random",
      "zero",
      "shuffle"
    ],
    "dataset": "wikitext",
    "text_file": null,
    "top_k": [
      1,
      2,
      4,
      8,
      16,
      32,
      64,
      128,
      256,
      512
    ],
    "quantization": null,
    "scale": 10.0
  },
  "by_k": {
    "1": {
      "svd": {
        "loss": 2.996565103530884,
        "delta": 0.02440953254699707
      },
      "random": {
        "loss": 2.996565103530884,
        "delta": 0.02440953254699707
      }
    },
    "2": {
      "svd": {
        "loss": 3.00207781791687,
        "delta": 0.0299222469329834
      },
      "random": {
        "loss": 2.9994285106658936,
        "delta": 0.027272939682006836
      }
    },
    "4": {
      "svd": {
        "loss": 3.0033466815948486,
        "delta": 0.031191110610961914
      },
      "random": {
        "loss": 2.995539665222168,
        "delta": 0.02338409423828125
      }
    },
    "8": {
      "svd": {
        "loss": 3.0035009384155273,
        "delta": 0.031345367431640625
      },
      "random": {
        "loss": 2.9957499504089355,
        "delta": 0.023594379425048828
      }
    },
    "16": {
      "svd": {
        "loss": 3.004254102706909,
        "delta": 0.03209853172302246
      },
      "random": {
        "loss": 2.9825150966644287,
        "delta": 0.010359525680541992
      }
    },
    "32": {
      "svd": {
        "loss": 3.005643606185913,
        "delta": 0.03348803520202637
      },
      "random": {
        "loss": 2.9792308807373047,
        "delta": 0.007075309753417969
      }
    },
    "64": {
      "svd": {
        "loss": 3.0051400661468506,
        "delta": 0.03298449516296387
      },
      "random": {
        "loss": 2.978405475616455,
        "delta": 0.006249904632568359
      }
    },
    "128": {
      "svd": {
        "loss": 3.0053024291992188,
        "delta": 0.03314685821533203
      },
      "random": {
        "loss": 2.97450852394104,
        "delta": 0.0023529529571533203
      }
    },
    "256": {
      "svd": {
        "loss": 3.0067784786224365,
        "delta": 0.034622907638549805
      },
      "random": {
        "loss": 2.974426746368408,
        "delta": 0.0022711753845214844
      }
    },
    "512": {
      "svd": {
        "loss": 3.007002353668213,
        "delta": 0.03484678268432617
      },
      "random": {
        "loss": 2.9732532501220703,
        "delta": 0.0010976791381835938
      }
    }
  },
  "k_independent": {
    "zero": {
      "loss": 2.995516777038574,
      "delta": 0.0233612060546875
    },
    "shuffle": {
      "loss": 3.0037076473236084,
      "delta": 0.03155207633972168
    }
  },
  "baseline_loss": 2.9721555709838867
}