{
  "config": {
    "svd_dir": "/worxpace/repos/py/GaleMoE/svd_cache/",
    "layer_idx": 20,
    "output_dir": "results_scale10_w1/",
    "num_experts": 8,
    "model_id": "mistralai/Mixtral-8x7B-v0.1",
    "model_tag": "mistralai_Mixtral_8x7B_v0.1",
    "num_samples": 500,
    "seq_len": 64,
    "batch_size": 500,
    "seed": 42,
    "variations": [
      "svd",
      "random",
      "zero",
      "shuffle"
    ],
    "dataset": "wikitext",
    "text_file": null,
    "top_k": [
      1,
      2,
      4,
      8,
      16,
      32,
      64,
      128,
      256,
      512
    ],
    "quantization": null,
    "scale": 10.0
  },
  "by_k": {
    "1": {
      "svd": {
        "loss": 2.9997341632843018,
        "delta": 0.02757859230041504
      },
      "random": {
        "loss": 2.9997341632843018,
        "delta": 0.02757859230041504
      }
    },
    "2": {
      "svd": {
        "loss": 2.9950063228607178,
        "delta": 0.022850751876831055
      },
      "random": {
        "loss": 2.9967877864837646,
        "delta": 0.02463221549987793
      }
    },
    "4": {
      "svd": {
        "loss": 2.9946794509887695,
        "delta": 0.022523880004882812
      },
      "random": {
        "loss": 3.0005862712860107,
        "delta": 0.028430700302124023
      }
    },
    "8": {
      "svd": {
        "loss": 2.995521068572998,
        "delta": 0.023365497589111328
      },
      "random": {
        "loss": 2.999377727508545,
        "delta": 0.027222156524658203
      }
    },
    "16": {
      "svd": {
        "loss": 2.9964964389801025,
        "delta": 0.02434086799621582
      },
      "random": {
        "loss": 3.000112295150757,
        "delta": 0.027956724166870117
      }
    },
    "32": {
      "svd": {
        "loss": 2.999603271484375,
        "delta": 0.02744770050048828
      },
      "random": {
        "loss": 2.993835210800171,
        "delta": 0.02167963981628418
      }
    },
    "64": {
      "svd": {
        "loss": 2.9998862743377686,
        "delta": 0.027730703353881836
      },
      "random": {
        "loss": 2.986957311630249,
        "delta": 0.014801740646362305
      }
    },
    "128": {
      "svd": {
        "loss": 2.9998984336853027,
        "delta": 0.027742862701416016
      },
      "random": {
        "loss": 2.9785447120666504,
        "delta": 0.006389141082763672
      }
    },
    "256": {
      "svd": {
        "loss": 3.0008325576782227,
        "delta": 0.028676986694335938
      },
      "random": {
        "loss": 2.975252389907837,
        "delta": 0.0030968189239501953
      }
    },
    "512": {
      "svd": {
        "loss": 3.001056432723999,
        "delta": 0.028900861740112305
      },
      "random": {
        "loss": 2.974193811416626,
        "delta": 0.002038240432739258
      }
    }
  },
  "k_independent": {
    "zero": {
      "loss": 2.9909508228302,
      "delta": 0.018795251846313477
    },
    "shuffle": {
      "loss": 2.9966726303100586,
      "delta": 0.024517059326171875
    }
  },
  "baseline_loss": 2.9721555709838867
}