{
  "config": {
    "svd_dir": "/worxpace/repos/py/GaleMoE/svd_cache/",
    "layer_idx": 21,
    "output_dir": "results_scale10_w1/",
    "num_experts": 8,
    "model_id": "mistralai/Mixtral-8x7B-v0.1",
    "model_tag": "mistralai_Mixtral_8x7B_v0.1",
    "num_samples": 500,
    "seq_len": 64,
    "batch_size": 500,
    "seed": 42,
    "variations": [
      "svd",
      "random",
      "zero",
      "shuffle"
    ],
    "dataset": "wikitext",
    "text_file": null,
    "top_k": [
      1,
      2,
      4,
      8,
      16,
      32,
      64,
      128,
      256,
      512
    ],
    "quantization": null,
    "scale": 10.0
  },
  "by_k": {
    "1": {
      "svd": {
        "loss": 3.0033485889434814,
        "delta": 0.031193017959594727
      },
      "random": {
        "loss": 3.0033485889434814,
        "delta": 0.031193017959594727
      }
    },
    "2": {
      "svd": {
        "loss": 3.004124402999878,
        "delta": 0.03196883201599121
      },
      "random": {
        "loss": 3.005265712738037,
        "delta": 0.03311014175415039
      }
    },
    "4": {
      "svd": {
        "loss": 3.003061056137085,
        "delta": 0.030905485153198242
      },
      "random": {
        "loss": 3.0075721740722656,
        "delta": 0.035416603088378906
      }
    },
    "8": {
      "svd": {
        "loss": 3.0047662258148193,
        "delta": 0.03261065483093262
      },
      "random": {
        "loss": 3.0021920204162598,
        "delta": 0.030036449432373047
      }
    },
    "16": {
      "svd": {
        "loss": 3.0042104721069336,
        "delta": 0.032054901123046875
      },
      "random": {
        "loss": 2.9926319122314453,
        "delta": 0.020476341247558594
      }
    },
    "32": {
      "svd": {
        "loss": 3.003812551498413,
        "delta": 0.03165698051452637
      },
      "random": {
        "loss": 2.976048707962036,
        "delta": 0.003893136978149414
      }
    },
    "64": {
      "svd": {
        "loss": 3.0046792030334473,
        "delta": 0.03252363204956055
      },
      "random": {
        "loss": 2.9735114574432373,
        "delta": 0.001355886459350586
      }
    },
    "128": {
      "svd": {
        "loss": 3.0058646202087402,
        "delta": 0.033709049224853516
      },
      "random": {
        "loss": 2.973050594329834,
        "delta": 0.0008950233459472656
      }
    },
    "256": {
      "svd": {
        "loss": 3.0059144496917725,
        "delta": 0.03375887870788574
      },
      "random": {
        "loss": 2.9729037284851074,
        "delta": 0.0007481575012207031
      }
    },
    "512": {
      "svd": {
        "loss": 3.0069022178649902,
        "delta": 0.034746646881103516
      },
      "random": {
        "loss": 2.9728915691375732,
        "delta": 0.0007359981536865234
      }
    }
  },
  "k_independent": {
    "zero": {
      "loss": 2.9929463863372803,
      "delta": 0.020790815353393555
    },
    "shuffle": {
      "loss": 3.0024542808532715,
      "delta": 0.030298709869384766
    }
  },
  "baseline_loss": 2.9721555709838867
}