{
  "config": {
    "svd_dir": "/worxpace/repos/py/GaleMoE/svd_cache/",
    "layer_idx": 24,
    "output_dir": "results_scale10_w1/",
    "num_experts": 8,
    "model_id": "mistralai/Mixtral-8x7B-v0.1",
    "model_tag": "mistralai_Mixtral_8x7B_v0.1",
    "num_samples": 500,
    "seq_len": 64,
    "batch_size": 500,
    "seed": 42,
    "variations": [
      "svd",
      "random",
      "zero",
      "shuffle"
    ],
    "dataset": "wikitext",
    "text_file": null,
    "top_k": [
      1,
      2,
      4,
      8,
      16,
      32,
      64,
      128,
      256,
      512
    ],
    "quantization": null,
    "scale": 10.0
  },
  "by_k": {
    "1": {
      "svd": {
        "loss": 2.9936118125915527,
        "delta": 0.021456241607666016
      },
      "random": {
        "loss": 2.9936118125915527,
        "delta": 0.021456241607666016
      }
    },
    "2": {
      "svd": {
        "loss": 2.9959216117858887,
        "delta": 0.023766040802001953
      },
      "random": {
        "loss": 2.999405860900879,
        "delta": 0.027250289916992188
      }
    },
    "4": {
      "svd": {
        "loss": 2.9948272705078125,
        "delta": 0.02267169952392578
      },
      "random": {
        "loss": 2.9956912994384766,
        "delta": 0.023535728454589844
      }
    },
    "8": {
      "svd": {
        "loss": 2.9961748123168945,
        "delta": 0.024019241333007812
      },
      "random": {
        "loss": 2.9937427043914795,
        "delta": 0.021587133407592773
      }
    },
    "16": {
      "svd": {
        "loss": 2.9966824054718018,
        "delta": 0.02452683448791504
      },
      "random": {
        "loss": 2.979989767074585,
        "delta": 0.007834196090698242
      }
    },
    "32": {
      "svd": {
        "loss": 2.997555732727051,
        "delta": 0.025400161743164062
      },
      "random": {
        "loss": 2.9749667644500732,
        "delta": 0.0028111934661865234
      }
    },
    "64": {
      "svd": {
        "loss": 2.9981794357299805,
        "delta": 0.02602386474609375
      },
      "random": {
        "loss": 2.9742138385772705,
        "delta": 0.002058267593383789
      }
    },
    "128": {
      "svd": {
        "loss": 2.998303174972534,
        "delta": 0.02614760398864746
      },
      "random": {
        "loss": 2.972158670425415,
        "delta": 3.0994415283203125e-06
      }
    },
    "256": {
      "svd": {
        "loss": 2.9986698627471924,
        "delta": 0.026514291763305664
      },
      "random": {
        "loss": 2.972843885421753,
        "delta": 0.0006883144378662109
      }
    },
    "512": {
      "svd": {
        "loss": 2.9992737770080566,
        "delta": 0.027118206024169922
      },
      "random": {
        "loss": 2.9725632667541504,
        "delta": 0.0004076957702636719
      }
    }
  },
  "k_independent": {
    "zero": {
      "loss": 2.9879677295684814,
      "delta": 0.015812158584594727
    },
    "shuffle": {
      "loss": 2.994859457015991,
      "delta": 0.022703886032104492
    }
  },
  "baseline_loss": 2.9721555709838867
}