{
  "config": {
    "svd_dir": "/worxpace/repos/py/GaleMoE/svd_cache/",
    "layer_idx": 15,
    "output_dir": "results_scale10_w1/",
    "num_experts": 8,
    "model_id": "mistralai/Mixtral-8x7B-v0.1",
    "model_tag": "mistralai_Mixtral_8x7B_v0.1",
    "num_samples": 500,
    "seq_len": 64,
    "batch_size": 500,
    "seed": 42,
    "variations": [
      "svd",
      "random",
      "zero",
      "shuffle"
    ],
    "dataset": "wikitext",
    "text_file": null,
    "top_k": [
      1,
      2,
      4,
      8,
      16,
      32,
      64,
      128,
      256,
      512
    ],
    "quantization": null,
    "scale": 10.0
  },
  "by_k": {
    "1": {
      "svd": {
        "loss": 2.976773738861084,
        "delta": 0.004618167877197266
      },
      "random": {
        "loss": 2.976773738861084,
        "delta": 0.004618167877197266
      }
    },
    "2": {
      "svd": {
        "loss": 2.97955584526062,
        "delta": 0.0074002742767333984
      },
      "random": {
        "loss": 2.9822261333465576,
        "delta": 0.010070562362670898
      }
    },
    "4": {
      "svd": {
        "loss": 2.979414701461792,
        "delta": 0.0072591304779052734
      },
      "random": {
        "loss": 2.98258376121521,
        "delta": 0.010428190231323242
      }
    },
    "8": {
      "svd": {
        "loss": 2.9785919189453125,
        "delta": 0.006436347961425781
      },
      "random": {
        "loss": 2.9779117107391357,
        "delta": 0.0057561397552490234
      }
    },
    "16": {
      "svd": {
        "loss": 2.9806606769561768,
        "delta": 0.008505105972290039
      },
      "random": {
        "loss": 2.97190523147583,
        "delta": -0.0002503395080566406
      }
    },
    "32": {
      "svd": {
        "loss": 2.982635736465454,
        "delta": 0.010480165481567383
      },
      "random": {
        "loss": 2.9718987941741943,
        "delta": -0.0002567768096923828
      }
    },
    "64": {
      "svd": {
        "loss": 2.9809117317199707,
        "delta": 0.008756160736083984
      },
      "random": {
        "loss": 2.9722888469696045,
        "delta": 0.00013327598571777344
      }
    },
    "128": {
      "svd": {
        "loss": 2.982085943222046,
        "delta": 0.00993037223815918
      },
      "random": {
        "loss": 2.9723212718963623,
        "delta": 0.00016570091247558594
      }
    },
    "256": {
      "svd": {
        "loss": 2.9825170040130615,
        "delta": 0.010361433029174805
      },
      "random": {
        "loss": 2.9716670513153076,
        "delta": -0.0004885196685791016
      }
    },
    "512": {
      "svd": {
        "loss": 2.983677387237549,
        "delta": 0.01152181625366211
      },
      "random": {
        "loss": 2.9726011753082275,
        "delta": 0.0004456043243408203
      }
    }
  },
  "k_independent": {
    "zero": {
      "loss": 2.979764223098755,
      "delta": 0.007608652114868164
    },
    "shuffle": {
      "loss": 2.9822285175323486,
      "delta": 0.010072946548461914
    }
  },
  "baseline_loss": 2.9721555709838867
}