{
  "config": {
    "svd_dir": "/worxpace/repos/py/GaleMoE/svd_cache/",
    "layer_idx": 10,
    "output_dir": "results_scale10_w1/",
    "num_experts": 8,
    "model_id": "mistralai/Mixtral-8x7B-v0.1",
    "model_tag": "mistralai_Mixtral_8x7B_v0.1",
    "num_samples": 500,
    "seq_len": 64,
    "batch_size": 500,
    "seed": 42,
    "variations": [
      "svd",
      "random",
      "zero",
      "shuffle"
    ],
    "dataset": "wikitext",
    "text_file": null,
    "top_k": [
      1,
      2,
      4,
      8,
      16,
      32,
      64,
      128,
      256,
      512
    ],
    "quantization": null,
    "scale": 10.0
  },
  "by_k": {
    "1": {
      "svd": {
        "loss": 2.97851824760437,
        "delta": 0.0063626766204833984
      },
      "random": {
        "loss": 2.97851824760437,
        "delta": 0.0063626766204833984
      }
    },
    "2": {
      "svd": {
        "loss": 2.9792540073394775,
        "delta": 0.00709843635559082
      },
      "random": {
        "loss": 2.984342336654663,
        "delta": 0.012186765670776367
      }
    },
    "4": {
      "svd": {
        "loss": 2.9809350967407227,
        "delta": 0.008779525756835938
      },
      "random": {
        "loss": 2.9829092025756836,
        "delta": 0.010753631591796875
      }
    },
    "8": {
      "svd": {
        "loss": 2.9798099994659424,
        "delta": 0.007654428482055664
      },
      "random": {
        "loss": 2.9729433059692383,
        "delta": 0.0007877349853515625
      }
    },
    "16": {
      "svd": {
        "loss": 2.9818620681762695,
        "delta": 0.009706497192382812
      },
      "random": {
        "loss": 2.9745657444000244,
        "delta": 0.0024101734161376953
      }
    },
    "32": {
      "svd": {
        "loss": 2.982417345046997,
        "delta": 0.010261774063110352
      },
      "random": {
        "loss": 2.9739813804626465,
        "delta": 0.0018258094787597656
      }
    },
    "64": {
      "svd": {
        "loss": 2.9863083362579346,
        "delta": 0.014152765274047852
      },
      "random": {
        "loss": 2.9735918045043945,
        "delta": 0.0014362335205078125
      }
    },
    "128": {
      "svd": {
        "loss": 2.9850940704345703,
        "delta": 0.012938499450683594
      },
      "random": {
        "loss": 2.9737389087677,
        "delta": 0.0015833377838134766
      }
    },
    "256": {
      "svd": {
        "loss": 2.987570285797119,
        "delta": 0.015414714813232422
      },
      "random": {
        "loss": 2.972278594970703,
        "delta": 0.00012302398681640625
      }
    },
    "512": {
      "svd": {
        "loss": 2.9881768226623535,
        "delta": 0.016021251678466797
      },
      "random": {
        "loss": 2.9723665714263916,
        "delta": 0.0002110004425048828
      }
    }
  },
  "k_independent": {
    "zero": {
      "loss": 2.9768364429473877,
      "delta": 0.0046808719635009766
    },
    "shuffle": {
      "loss": 2.984145164489746,
      "delta": 0.011989593505859375
    }
  },
  "baseline_loss": 2.9721555709838867
}