{
  "config": {
    "svd_dir": "/worxpace/repos/py/GaleMoE/svd_cache/",
    "layer_idx": 0,
    "output_dir": "results_scale10_w1/",
    "num_experts": 8,
    "model_id": "mistralai/Mixtral-8x7B-v0.1",
    "model_tag": "mistralai_Mixtral_8x7B_v0.1",
    "num_samples": 500,
    "seq_len": 64,
    "batch_size": 500,
    "seed": 42,
    "variations": [
      "svd",
      "random",
      "zero",
      "shuffle"
    ],
    "dataset": "wikitext",
    "text_file": null,
    "top_k": [
      1,
      2,
      4,
      8,
      16,
      32,
      64,
      128,
      256,
      512
    ],
    "quantization": null,
    "scale": 10.0
  },
  "by_k": {
    "1": {
      "svd": {
        "loss": 2.9721269607543945,
        "delta": -2.86102294921875e-05
      },
      "random": {
        "loss": 2.972109794616699,
        "delta": -4.57763671875e-05
      }
    },
    "2": {
      "svd": {
        "loss": 2.9740231037139893,
        "delta": 0.001867532730102539
      },
      "random": {
        "loss": 2.9734046459198,
        "delta": 0.001249074935913086
      }
    },
    "4": {
      "svd": {
        "loss": 2.9824748039245605,
        "delta": 0.010319232940673828
      },
      "random": {
        "loss": 2.9772214889526367,
        "delta": 0.00506591796875
      }
    },
    "8": {
      "svd": {
        "loss": 2.987494707107544,
        "delta": 0.015339136123657227
      },
      "random": {
        "loss": 2.975961446762085,
        "delta": 0.003805875778198242
      }
    },
    "16": {
      "svd": {
        "loss": 3.1361968517303467,
        "delta": 0.16404128074645996
      },
      "random": {
        "loss": 2.9737958908081055,
        "delta": 0.00164031982421875
      }
    },
    "32": {
      "svd": {
        "loss": 3.1921985149383545,
        "delta": 0.22004294395446777
      },
      "random": {
        "loss": 2.9785139560699463,
        "delta": 0.00635838508605957
      }
    },
    "64": {
      "svd": {
        "loss": 3.2335634231567383,
        "delta": 0.26140785217285156
      },
      "random": {
        "loss": 2.9713358879089355,
        "delta": -0.0008196830749511719
      }
    },
    "128": {
      "svd": {
        "loss": 3.2357184886932373,
        "delta": 0.2635629177093506
      },
      "random": {
        "loss": 2.9706594944000244,
        "delta": -0.0014960765838623047
      }
    },
    "256": {
      "svd": {
        "loss": 3.3366539478302,
        "delta": 0.3644983768463135
      },
      "random": {
        "loss": 2.9724695682525635,
        "delta": 0.0003139972686767578
      }
    },
    "512": {
      "svd": {
        "loss": 3.369363307952881,
        "delta": 0.39720773696899414
      },
      "random": {
        "loss": 2.970728874206543,
        "delta": -0.00142669677734375
      }
    }
  },
  "k_independent": {
    "zero": {
      "loss": 3.1942946910858154,
      "delta": 0.2221391201019287
    },
    "shuffle": {
      "loss": 3.3319451808929443,
      "delta": 0.3597896099090576
    }
  },
  "baseline_loss": 2.9721555709838867
}