{
  "config": {
    "svd_dir": "/worxpace/repos/py/GaleMoE/svd_cache/",
    "layer_idx": 29,
    "output_dir": "results_scale10_w1/",
    "num_experts": 8,
    "model_id": "mistralai/Mixtral-8x7B-v0.1",
    "model_tag": "mistralai_Mixtral_8x7B_v0.1",
    "num_samples": 500,
    "seq_len": 64,
    "batch_size": 500,
    "seed": 42,
    "variations": [
      "svd",
      "random",
      "zero",
      "shuffle"
    ],
    "dataset": "wikitext",
    "text_file": null,
    "top_k": [
      1,
      2,
      4,
      8,
      16,
      32,
      64,
      128,
      256,
      512
    ],
    "quantization": null,
    "scale": 10.0
  },
  "by_k": {
    "1": {
      "svd": {
        "loss": 2.980319023132324,
        "delta": 0.0081634521484375
      },
      "random": {
        "loss": 2.9803264141082764,
        "delta": 0.008170843124389648
      }
    },
    "2": {
      "svd": {
        "loss": 2.9648962020874023,
        "delta": -0.007259368896484375
      },
      "random": {
        "loss": 2.996445655822754,
        "delta": 0.024290084838867188
      }
    },
    "4": {
      "svd": {
        "loss": 2.9653868675231934,
        "delta": -0.006768703460693359
      },
      "random": {
        "loss": 3.0124311447143555,
        "delta": 0.04027557373046875
      }
    },
    "8": {
      "svd": {
        "loss": 2.9637012481689453,
        "delta": -0.008454322814941406
      },
      "random": {
        "loss": 2.989448070526123,
        "delta": 0.017292499542236328
      }
    },
    "16": {
      "svd": {
        "loss": 2.9648828506469727,
        "delta": -0.0072727203369140625
      },
      "random": {
        "loss": 3.0057027339935303,
        "delta": 0.033547163009643555
      }
    },
    "32": {
      "svd": {
        "loss": 3.0095551013946533,
        "delta": 0.0373995304107666
      },
      "random": {
        "loss": 2.9825713634490967,
        "delta": 0.010415792465209961
      }
    },
    "64": {
      "svd": {
        "loss": 3.032114028930664,
        "delta": 0.059958457946777344
      },
      "random": {
        "loss": 2.9768152236938477,
        "delta": 0.0046596527099609375
      }
    },
    "128": {
      "svd": {
        "loss": 3.036987066268921,
        "delta": 0.06483149528503418
      },
      "random": {
        "loss": 2.9720685482025146,
        "delta": -8.702278137207031e-05
      }
    },
    "256": {
      "svd": {
        "loss": 3.0384645462036133,
        "delta": 0.06630897521972656
      },
      "random": {
        "loss": 2.9724199771881104,
        "delta": 0.0002644062042236328
      }
    },
    "512": {
      "svd": {
        "loss": 3.0386486053466797,
        "delta": 0.06649303436279297
      },
      "random": {
        "loss": 2.9726102352142334,
        "delta": 0.0004546642303466797
      }
    }
  },
  "k_independent": {
    "zero": {
      "loss": 3.014685869216919,
      "delta": 0.04253029823303223
    },
    "shuffle": {
      "loss": 3.02539324760437,
      "delta": 0.0532376766204834
    }
  },
  "baseline_loss": 2.9721555709838867
}