{
  "config": {
    "svd_dir": "/worxpace/repos/py/GaleMoE/svd_cache/",
    "layer_idx": 30,
    "output_dir": "results_scale10_w1/",
    "num_experts": 8,
    "model_id": "mistralai/Mixtral-8x7B-v0.1",
    "model_tag": "mistralai_Mixtral_8x7B_v0.1",
    "num_samples": 500,
    "seq_len": 64,
    "batch_size": 500,
    "seed": 42,
    "variations": [
      "svd",
      "random",
      "zero",
      "shuffle"
    ],
    "dataset": "wikitext",
    "text_file": null,
    "top_k": [
      1,
      2,
      4,
      8,
      16,
      32,
      64,
      128,
      256,
      512
    ],
    "quantization": null,
    "scale": 10.0
  },
  "by_k": {
    "1": {
      "svd": {
        "loss": 2.996753454208374,
        "delta": 0.024597883224487305
      },
      "random": {
        "loss": 2.9967474937438965,
        "delta": 0.024591922760009766
      }
    },
    "2": {
      "svd": {
        "loss": 2.9661824703216553,
        "delta": -0.005973100662231445
      },
      "random": {
        "loss": 2.985825300216675,
        "delta": 0.013669729232788086
      }
    },
    "4": {
      "svd": {
        "loss": 3.0043201446533203,
        "delta": 0.032164573669433594
      },
      "random": {
        "loss": 3.0554723739624023,
        "delta": 0.08331680297851562
      }
    },
    "8": {
      "svd": {
        "loss": 3.1232032775878906,
        "delta": 0.1510477066040039
      },
      "random": {
        "loss": 3.0692386627197266,
        "delta": 0.09708309173583984
      }
    },
    "16": {
      "svd": {
        "loss": 3.0900888442993164,
        "delta": 0.11793327331542969
      },
      "random": {
        "loss": 3.079235792160034,
        "delta": 0.10708022117614746
      }
    },
    "32": {
      "svd": {
        "loss": 3.082104206085205,
        "delta": 0.10994863510131836
      },
      "random": {
        "loss": 3.118312120437622,
        "delta": 0.14615654945373535
      }
    },
    "64": {
      "svd": {
        "loss": 3.0911006927490234,
        "delta": 0.11894512176513672
      },
      "random": {
        "loss": 3.085183620452881,
        "delta": 0.11302804946899414
      }
    },
    "128": {
      "svd": {
        "loss": 3.0346853733062744,
        "delta": 0.0625298023223877
      },
      "random": {
        "loss": 2.970205307006836,
        "delta": -0.0019502639770507812
      }
    },
    "256": {
      "svd": {
        "loss": 3.0354645252227783,
        "delta": 0.0633089542388916
      },
      "random": {
        "loss": 2.978335380554199,
        "delta": 0.0061798095703125
      }
    },
    "512": {
      "svd": {
        "loss": 3.035492420196533,
        "delta": 0.06333684921264648
      },
      "random": {
        "loss": 2.975938558578491,
        "delta": 0.003782987594604492
      }
    }
  },
  "k_independent": {
    "zero": {
      "loss": 3.0138325691223145,
      "delta": 0.041676998138427734
    },
    "shuffle": {
      "loss": 3.0301220417022705,
      "delta": 0.05796647071838379
    }
  },
  "baseline_loss": 2.9721555709838867
}