{
  "config": {
    "svd_dir": "/worxpace/repos/py/GaleMoE/svd_cache/",
    "layer_idx": 4,
    "output_dir": "results_scale10_w1/",
    "num_experts": 8,
    "model_id": "mistralai/Mixtral-8x7B-v0.1",
    "model_tag": "mistralai_Mixtral_8x7B_v0.1",
    "num_samples": 500,
    "seq_len": 64,
    "batch_size": 500,
    "seed": 42,
    "variations": [
      "svd",
      "random",
      "zero",
      "shuffle"
    ],
    "dataset": "wikitext",
    "text_file": null,
    "top_k": [
      1,
      2,
      4,
      8,
      16,
      32,
      64,
      128,
      256,
      512
    ],
    "quantization": null,
    "scale": 10.0
  },
  "by_k": {
    "1": {
      "svd": {
        "loss": 2.9993059635162354,
        "delta": 0.027150392532348633
      },
      "random": {
        "loss": 2.9993059635162354,
        "delta": 0.027150392532348633
      }
    },
    "2": {
      "svd": {
        "loss": 3.000096559524536,
        "delta": 0.027940988540649414
      },
      "random": {
        "loss": 3.0049448013305664,
        "delta": 0.03278923034667969
      }
    },
    "4": {
      "svd": {
        "loss": 3.002777338027954,
        "delta": 0.030621767044067383
      },
      "random": {
        "loss": 3.0028762817382812,
        "delta": 0.03072071075439453
      }
    },
    "8": {
      "svd": {
        "loss": 3.00418758392334,
        "delta": 0.032032012939453125
      },
      "random": {
        "loss": 2.992201566696167,
        "delta": 0.020045995712280273
      }
    },
    "16": {
      "svd": {
        "loss": 3.01350474357605,
        "delta": 0.041349172592163086
      },
      "random": {
        "loss": 2.980910301208496,
        "delta": 0.008754730224609375
      }
    },
    "32": {
      "svd": {
        "loss": 3.016024589538574,
        "delta": 0.0438690185546875
      },
      "random": {
        "loss": 2.978224039077759,
        "delta": 0.00606846809387207
      }
    },
    "64": {
      "svd": {
        "loss": 3.0260345935821533,
        "delta": 0.0538790225982666
      },
      "random": {
        "loss": 2.9777729511260986,
        "delta": 0.005617380142211914
      }
    },
    "128": {
      "svd": {
        "loss": 3.029391288757324,
        "delta": 0.0572357177734375
      },
      "random": {
        "loss": 2.977595567703247,
        "delta": 0.0054399967193603516
      }
    },
    "256": {
      "svd": {
        "loss": 3.0281307697296143,
        "delta": 0.05597519874572754
      },
      "random": {
        "loss": 2.9778151512145996,
        "delta": 0.005659580230712891
      }
    },
    "512": {
      "svd": {
        "loss": 3.028683662414551,
        "delta": 0.05652809143066406
      },
      "random": {
        "loss": 2.9756927490234375,
        "delta": 0.0035371780395507812
      }
    }
  },
  "k_independent": {
    "zero": {
      "loss": 3.005072832107544,
      "delta": 0.03291726112365723
    },
    "shuffle": {
      "loss": 3.013233184814453,
      "delta": 0.041077613830566406
    }
  },
  "baseline_loss": 2.9721555709838867
}