{
  "config": {
    "svd_dir": "/worxpace/repos/py/GaleMoE/svd_cache/",
    "layer_idx": 14,
    "output_dir": "results_scale10_w1/",
    "num_experts": 8,
    "model_id": "mistralai/Mixtral-8x7B-v0.1",
    "model_tag": "mistralai_Mixtral_8x7B_v0.1",
    "num_samples": 500,
    "seq_len": 64,
    "batch_size": 500,
    "seed": 42,
    "variations": [
      "svd",
      "random",
      "zero",
      "shuffle"
    ],
    "dataset": "wikitext",
    "text_file": null,
    "top_k": [
      1,
      2,
      4,
      8,
      16,
      32,
      64,
      128,
      256,
      512
    ],
    "quantization": null,
    "scale": 10.0
  },
  "by_k": {
    "1": {
      "svd": {
        "loss": 2.9838478565216064,
        "delta": 0.011692285537719727
      },
      "random": {
        "loss": 2.983887195587158,
        "delta": 0.011731624603271484
      }
    },
    "2": {
      "svd": {
        "loss": 2.9836926460266113,
        "delta": 0.01153707504272461
      },
      "random": {
        "loss": 2.9799485206604004,
        "delta": 0.007792949676513672
      }
    },
    "4": {
      "svd": {
        "loss": 2.9880940914154053,
        "delta": 0.015938520431518555
      },
      "random": {
        "loss": 2.979832649230957,
        "delta": 0.0076770782470703125
      }
    },
    "8": {
      "svd": {
        "loss": 2.9871509075164795,
        "delta": 0.014995336532592773
      },
      "random": {
        "loss": 2.9771533012390137,
        "delta": 0.004997730255126953
      }
    },
    "16": {
      "svd": {
        "loss": 2.9881153106689453,
        "delta": 0.015959739685058594
      },
      "random": {
        "loss": 2.975862979888916,
        "delta": 0.003707408905029297
      }
    },
    "32": {
      "svd": {
        "loss": 2.9897289276123047,
        "delta": 0.01757335662841797
      },
      "random": {
        "loss": 2.9742355346679688,
        "delta": 0.0020799636840820312
      }
    },
    "64": {
      "svd": {
        "loss": 2.989445924758911,
        "delta": 0.017290353775024414
      },
      "random": {
        "loss": 2.9744625091552734,
        "delta": 0.0023069381713867188
      }
    },
    "128": {
      "svd": {
        "loss": 2.990744113922119,
        "delta": 0.018588542938232422
      },
      "random": {
        "loss": 2.972750425338745,
        "delta": 0.0005948543548583984
      }
    },
    "256": {
      "svd": {
        "loss": 2.9902687072753906,
        "delta": 0.018113136291503906
      },
      "random": {
        "loss": 2.9723596572875977,
        "delta": 0.0002040863037109375
      }
    },
    "512": {
      "svd": {
        "loss": 2.9906296730041504,
        "delta": 0.018474102020263672
      },
      "random": {
        "loss": 2.9728221893310547,
        "delta": 0.0006666183471679688
      }
    }
  },
  "k_independent": {
    "zero": {
      "loss": 2.98358154296875,
      "delta": 0.011425971984863281
    },
    "shuffle": {
      "loss": 2.9827823638916016,
      "delta": 0.010626792907714844
    }
  },
  "baseline_loss": 2.9721555709838867
}