{
  "config": {
    "svd_dir": "/worxpace/repos/py/GaleMoE/svd_cache/",
    "layer_idx": 1,
    "output_dir": "results_scale10_w1/",
    "num_experts": 8,
    "model_id": "mistralai/Mixtral-8x7B-v0.1",
    "model_tag": "mistralai_Mixtral_8x7B_v0.1",
    "num_samples": 500,
    "seq_len": 64,
    "batch_size": 500,
    "seed": 42,
    "variations": [
      "svd",
      "random",
      "zero",
      "shuffle"
    ],
    "dataset": "wikitext",
    "text_file": null,
    "top_k": [
      1,
      2,
      4,
      8,
      16,
      32,
      64,
      128,
      256,
      512
    ],
    "quantization": null,
    "scale": 10.0
  },
  "by_k": {
    "1": {
      "svd": {
        "loss": 4.148918628692627,
        "delta": 1.1767630577087402
      },
      "random": {
        "loss": 4.148760795593262,
        "delta": 1.176605224609375
      }
    },
    "2": {
      "svd": {
        "loss": 7.541720867156982,
        "delta": 4.569565296173096
      },
      "random": {
        "loss": 8.289185523986816,
        "delta": 5.31702995300293
      }
    },
    "4": {
      "svd": {
        "loss": 6.962407112121582,
        "delta": 3.9902515411376953
      },
      "random": {
        "loss": 8.8887939453125,
        "delta": 5.916638374328613
      }
    },
    "8": {
      "svd": {
        "loss": 8.660859107971191,
        "delta": 5.688703536987305
      },
      "random": {
        "loss": 6.894032001495361,
        "delta": 3.9218764305114746
      }
    },
    "16": {
      "svd": {
        "loss": 8.610769271850586,
        "delta": 5.638613700866699
      },
      "random": {
        "loss": 3.052035093307495,
        "delta": 0.0798795223236084
      }
    },
    "32": {
      "svd": {
        "loss": 8.58448314666748,
        "delta": 5.612327575683594
      },
      "random": {
        "loss": 2.9859042167663574,
        "delta": 0.013748645782470703
      }
    },
    "64": {
      "svd": {
        "loss": 7.484467029571533,
        "delta": 4.5123114585876465
      },
      "random": {
        "loss": 2.965062379837036,
        "delta": -0.007093191146850586
      }
    },
    "128": {
      "svd": {
        "loss": 9.247676849365234,
        "delta": 6.275521278381348
      },
      "random": {
        "loss": 2.973994493484497,
        "delta": 0.0018389225006103516
      }
    },
    "256": {
      "svd": {
        "loss": 9.307666778564453,
        "delta": 6.335511207580566
      },
      "random": {
        "loss": 2.9732468128204346,
        "delta": 0.0010912418365478516
      }
    },
    "512": {
      "svd": {
        "loss": 9.308507919311523,
        "delta": 6.336352348327637
      },
      "random": {
        "loss": 2.9748148918151855,
        "delta": 0.002659320831298828
      }
    }
  },
  "k_independent": {
    "zero": {
      "loss": 3.9689934253692627,
      "delta": 0.996837854385376
    },
    "shuffle": {
      "loss": 3.9550087451934814,
      "delta": 0.9828531742095947
    }
  },
  "baseline_loss": 2.9721555709838867
}