{
  "config": {
    "svd_dir": "/worxpace/repos/py/GaleMoE/svd_cache/",
    "layer_idx": 13,
    "output_dir": "results_scale10_w1/",
    "num_experts": 8,
    "model_id": "mistralai/Mixtral-8x7B-v0.1",
    "model_tag": "mistralai_Mixtral_8x7B_v0.1",
    "num_samples": 500,
    "seq_len": 64,
    "batch_size": 500,
    "seed": 42,
    "variations": [
      "svd",
      "random",
      "zero",
      "shuffle"
    ],
    "dataset": "wikitext",
    "text_file": null,
    "top_k": [
      1,
      2,
      4,
      8,
      16,
      32,
      64,
      128,
      256,
      512
    ],
    "quantization": null,
    "scale": 10.0
  },
  "by_k": {
    "1": {
      "svd": {
        "loss": 2.9839329719543457,
        "delta": 0.011777400970458984
      },
      "random": {
        "loss": 2.9839329719543457,
        "delta": 0.011777400970458984
      }
    },
    "2": {
      "svd": {
        "loss": 2.983675241470337,
        "delta": 0.011519670486450195
      },
      "random": {
        "loss": 2.9883065223693848,
        "delta": 0.016150951385498047
      }
    },
    "4": {
      "svd": {
        "loss": 2.9859437942504883,
        "delta": 0.013788223266601562
      },
      "random": {
        "loss": 2.981478691101074,
        "delta": 0.0093231201171875
      }
    },
    "8": {
      "svd": {
        "loss": 2.988236427307129,
        "delta": 0.016080856323242188
      },
      "random": {
        "loss": 2.9801995754241943,
        "delta": 0.008044004440307617
      }
    },
    "16": {
      "svd": {
        "loss": 2.9910922050476074,
        "delta": 0.018936634063720703
      },
      "random": {
        "loss": 2.978517532348633,
        "delta": 0.006361961364746094
      }
    },
    "32": {
      "svd": {
        "loss": 2.9924838542938232,
        "delta": 0.020328283309936523
      },
      "random": {
        "loss": 2.975099563598633,
        "delta": 0.0029439926147460938
      }
    },
    "64": {
      "svd": {
        "loss": 2.9944264888763428,
        "delta": 0.022270917892456055
      },
      "random": {
        "loss": 2.9731152057647705,
        "delta": 0.0009596347808837891
      }
    },
    "128": {
      "svd": {
        "loss": 2.994924306869507,
        "delta": 0.022768735885620117
      },
      "random": {
        "loss": 2.9726722240448,
        "delta": 0.0005166530609130859
      }
    },
    "256": {
      "svd": {
        "loss": 2.9937336444854736,
        "delta": 0.021578073501586914
      },
      "random": {
        "loss": 2.9729883670806885,
        "delta": 0.0008327960968017578
      }
    },
    "512": {
      "svd": {
        "loss": 2.9947023391723633,
        "delta": 0.022546768188476562
      },
      "random": {
        "loss": 2.972850799560547,
        "delta": 0.0006952285766601562
      }
    }
  },
  "k_independent": {
    "zero": {
      "loss": 2.9914119243621826,
      "delta": 0.0192563533782959
    },
    "shuffle": {
      "loss": 2.98707914352417,
      "delta": 0.014923572540283203
    }
  },
  "baseline_loss": 2.9721555709838867
}