{
  "config": {
    "svd_dir": "/worxpace/repos/py/GaleMoE/svd_cache/",
    "layer_idx": 17,
    "output_dir": "results_scale10_w1/",
    "num_experts": 8,
    "model_id": "mistralai/Mixtral-8x7B-v0.1",
    "model_tag": "mistralai_Mixtral_8x7B_v0.1",
    "num_samples": 500,
    "seq_len": 64,
    "batch_size": 500,
    "seed": 42,
    "variations": [
      "svd",
      "random",
      "zero",
      "shuffle"
    ],
    "dataset": "wikitext",
    "text_file": null,
    "top_k": [
      1,
      2,
      4,
      8,
      16,
      32,
      64,
      128,
      256,
      512
    ],
    "quantization": null,
    "scale": 10.0
  },
  "by_k": {
    "1": {
      "svd": {
        "loss": 2.9759998321533203,
        "delta": 0.0038442611694335938
      },
      "random": {
        "loss": 2.9759998321533203,
        "delta": 0.0038442611694335938
      }
    },
    "2": {
      "svd": {
        "loss": 2.977587938308716,
        "delta": 0.0054323673248291016
      },
      "random": {
        "loss": 2.983924150466919,
        "delta": 0.011768579483032227
      }
    },
    "4": {
      "svd": {
        "loss": 2.9797568321228027,
        "delta": 0.007601261138916016
      },
      "random": {
        "loss": 2.9801018238067627,
        "delta": 0.007946252822875977
      }
    },
    "8": {
      "svd": {
        "loss": 2.983314275741577,
        "delta": 0.01115870475769043
      },
      "random": {
        "loss": 2.9792332649230957,
        "delta": 0.007077693939208984
      }
    },
    "16": {
      "svd": {
        "loss": 2.983609676361084,
        "delta": 0.011454105377197266
      },
      "random": {
        "loss": 2.9758248329162598,
        "delta": 0.003669261932373047
      }
    },
    "32": {
      "svd": {
        "loss": 2.9833874702453613,
        "delta": 0.01123189926147461
      },
      "random": {
        "loss": 2.974553108215332,
        "delta": 0.0023975372314453125
      }
    },
    "64": {
      "svd": {
        "loss": 2.989607095718384,
        "delta": 0.01745152473449707
      },
      "random": {
        "loss": 2.9747562408447266,
        "delta": 0.0026006698608398438
      }
    },
    "128": {
      "svd": {
        "loss": 2.990382194519043,
        "delta": 0.01822662353515625
      },
      "random": {
        "loss": 2.972824811935425,
        "delta": 0.0006692409515380859
      }
    },
    "256": {
      "svd": {
        "loss": 2.991173028945923,
        "delta": 0.019017457962036133
      },
      "random": {
        "loss": 2.973233699798584,
        "delta": 0.0010781288146972656
      }
    },
    "512": {
      "svd": {
        "loss": 2.9909846782684326,
        "delta": 0.0188291072845459
      },
      "random": {
        "loss": 2.9712283611297607,
        "delta": -0.0009272098541259766
      }
    }
  },
  "k_independent": {
    "zero": {
      "loss": 2.9874212741851807,
      "delta": 0.015265703201293945
    },
    "shuffle": {
      "loss": 2.986647367477417,
      "delta": 0.014491796493530273
    }
  },
  "baseline_loss": 2.9721555709838867
}