{
  "config": {
    "svd_dir": "/worxpace/repos/py/GaleMoE/svd_cache/",
    "layer_idx": 28,
    "output_dir": "results_scale10_w1/",
    "num_experts": 8,
    "model_id": "mistralai/Mixtral-8x7B-v0.1",
    "model_tag": "mistralai_Mixtral_8x7B_v0.1",
    "num_samples": 500,
    "seq_len": 64,
    "batch_size": 500,
    "seed": 42,
    "variations": [
      "svd",
      "random",
      "zero",
      "shuffle"
    ],
    "dataset": "wikitext",
    "text_file": null,
    "top_k": [
      1,
      2,
      4,
      8,
      16,
      32,
      64,
      128,
      256,
      512
    ],
    "quantization": null,
    "scale": 10.0
  },
  "by_k": {
    "1": {
      "svd": {
        "loss": 2.999324083328247,
        "delta": 0.02716851234436035
      },
      "random": {
        "loss": 2.9993720054626465,
        "delta": 0.027216434478759766
      }
    },
    "2": {
      "svd": {
        "loss": 3.029092311859131,
        "delta": 0.05693674087524414
      },
      "random": {
        "loss": 3.002708673477173,
        "delta": 0.030553102493286133
      }
    },
    "4": {
      "svd": {
        "loss": 3.0292255878448486,
        "delta": 0.057070016860961914
      },
      "random": {
        "loss": 3.0023629665374756,
        "delta": 0.030207395553588867
      }
    },
    "8": {
      "svd": {
        "loss": 3.0274746417999268,
        "delta": 0.05531907081604004
      },
      "random": {
        "loss": 2.9957430362701416,
        "delta": 0.023587465286254883
      }
    },
    "16": {
      "svd": {
        "loss": 3.031893253326416,
        "delta": 0.0597376823425293
      },
      "random": {
        "loss": 2.9922094345092773,
        "delta": 0.020053863525390625
      }
    },
    "32": {
      "svd": {
        "loss": 3.0301005840301514,
        "delta": 0.05794501304626465
      },
      "random": {
        "loss": 2.9862136840820312,
        "delta": 0.014058113098144531
      }
    },
    "64": {
      "svd": {
        "loss": 3.021280527114868,
        "delta": 0.049124956130981445
      },
      "random": {
        "loss": 2.9812569618225098,
        "delta": 0.009101390838623047
      }
    },
    "128": {
      "svd": {
        "loss": 3.0353071689605713,
        "delta": 0.06315159797668457
      },
      "random": {
        "loss": 2.975062370300293,
        "delta": 0.00290679931640625
      }
    },
    "256": {
      "svd": {
        "loss": 3.0363457202911377,
        "delta": 0.06419014930725098
      },
      "random": {
        "loss": 2.9729835987091064,
        "delta": 0.0008280277252197266
      }
    },
    "512": {
      "svd": {
        "loss": 3.037108898162842,
        "delta": 0.06495332717895508
      },
      "random": {
        "loss": 2.9727354049682617,
        "delta": 0.000579833984375
      }
    }
  },
  "k_independent": {
    "zero": {
      "loss": 3.024977207183838,
      "delta": 0.05282163619995117
    },
    "shuffle": {
      "loss": 3.024184465408325,
      "delta": 0.05202889442443848
    }
  },
  "baseline_loss": 2.9721555709838867
}