{
  "config": {
    "svd_dir": "/worxpace/repos/py/GaleMoE/svd_cache/",
    "layer_idx": 11,
    "output_dir": "results_scale10_w1/",
    "num_experts": 8,
    "model_id": "mistralai/Mixtral-8x7B-v0.1",
    "model_tag": "mistralai_Mixtral_8x7B_v0.1",
    "num_samples": 500,
    "seq_len": 64,
    "batch_size": 500,
    "seed": 42,
    "variations": [
      "svd",
      "random",
      "zero",
      "shuffle"
    ],
    "dataset": "wikitext",
    "text_file": null,
    "top_k": [
      1,
      2,
      4,
      8,
      16,
      32,
      64,
      128,
      256,
      512
    ],
    "quantization": null,
    "scale": 10.0
  },
  "by_k": {
    "1": {
      "svd": {
        "loss": 2.993393659591675,
        "delta": 0.021238088607788086
      },
      "random": {
        "loss": 2.9934115409851074,
        "delta": 0.021255970001220703
      }
    },
    "2": {
      "svd": {
        "loss": 2.9934241771698,
        "delta": 0.021268606185913086
      },
      "random": {
        "loss": 2.9772801399230957,
        "delta": 0.005124568939208984
      }
    },
    "4": {
      "svd": {
        "loss": 2.992461919784546,
        "delta": 0.02030634880065918
      },
      "random": {
        "loss": 2.9745147228240967,
        "delta": 0.002359151840209961
      }
    },
    "8": {
      "svd": {
        "loss": 2.9918065071105957,
        "delta": 0.019650936126708984
      },
      "random": {
        "loss": 2.973060369491577,
        "delta": 0.0009047985076904297
      }
    },
    "16": {
      "svd": {
        "loss": 2.9894707202911377,
        "delta": 0.017315149307250977
      },
      "random": {
        "loss": 2.972250461578369,
        "delta": 9.489059448242188e-05
      }
    },
    "32": {
      "svd": {
        "loss": 2.989025831222534,
        "delta": 0.01687026023864746
      },
      "random": {
        "loss": 2.9723939895629883,
        "delta": 0.0002384185791015625
      }
    },
    "64": {
      "svd": {
        "loss": 2.988554000854492,
        "delta": 0.01639842987060547
      },
      "random": {
        "loss": 2.972276449203491,
        "delta": 0.00012087821960449219
      }
    },
    "128": {
      "svd": {
        "loss": 2.986940622329712,
        "delta": 0.014785051345825195
      },
      "random": {
        "loss": 2.9705915451049805,
        "delta": -0.00156402587890625
      }
    },
    "256": {
      "svd": {
        "loss": 2.988172769546509,
        "delta": 0.01601719856262207
      },
      "random": {
        "loss": 2.972532272338867,
        "delta": 0.00037670135498046875
      }
    },
    "512": {
      "svd": {
        "loss": 2.989872694015503,
        "delta": 0.01771712303161621
      },
      "random": {
        "loss": 2.9723401069641113,
        "delta": 0.00018453598022460938
      }
    }
  },
  "k_independent": {
    "zero": {
      "loss": 2.976224899291992,
      "delta": 0.004069328308105469
    },
    "shuffle": {
      "loss": 2.978315830230713,
      "delta": 0.006160259246826172
    }
  },
  "baseline_loss": 2.9721555709838867
}