{
  "config": {
    "svd_dir": "/worxpace/repos/py/GaleMoE/svd_cache/",
    "layer_idx": 3,
    "output_dir": "results_scale10_w1/",
    "num_experts": 8,
    "model_id": "mistralai/Mixtral-8x7B-v0.1",
    "model_tag": "mistralai_Mixtral_8x7B_v0.1",
    "num_samples": 500,
    "seq_len": 64,
    "batch_size": 500,
    "seed": 42,
    "variations": [
      "svd",
      "random",
      "zero",
      "shuffle"
    ],
    "dataset": "wikitext",
    "text_file": null,
    "top_k": [
      1,
      2,
      4,
      8,
      16,
      32,
      64,
      128,
      256,
      512
    ],
    "quantization": null,
    "scale": 10.0
  },
  "by_k": {
    "1": {
      "svd": {
        "loss": 3.011030912399292,
        "delta": 0.03887534141540527
      },
      "random": {
        "loss": 3.011078119277954,
        "delta": 0.03892254829406738
      }
    },
    "2": {
      "svd": {
        "loss": 3.0127103328704834,
        "delta": 0.04055476188659668
      },
      "random": {
        "loss": 3.008638858795166,
        "delta": 0.0364832878112793
      }
    },
    "4": {
      "svd": {
        "loss": 3.0141470432281494,
        "delta": 0.041991472244262695
      },
      "random": {
        "loss": 2.9958879947662354,
        "delta": 0.023732423782348633
      }
    },
    "8": {
      "svd": {
        "loss": 3.025986433029175,
        "delta": 0.053830862045288086
      },
      "random": {
        "loss": 2.9928958415985107,
        "delta": 0.020740270614624023
      }
    },
    "16": {
      "svd": {
        "loss": 3.0368847846984863,
        "delta": 0.06472921371459961
      },
      "random": {
        "loss": 2.9911949634552,
        "delta": 0.019039392471313477
      }
    },
    "32": {
      "svd": {
        "loss": 3.0418989658355713,
        "delta": 0.06974339485168457
      },
      "random": {
        "loss": 2.9849181175231934,
        "delta": 0.01276254653930664
      }
    },
    "64": {
      "svd": {
        "loss": 3.0463290214538574,
        "delta": 0.0741734504699707
      },
      "random": {
        "loss": 2.9843502044677734,
        "delta": 0.012194633483886719
      }
    },
    "128": {
      "svd": {
        "loss": 3.0448737144470215,
        "delta": 0.07271814346313477
      },
      "random": {
        "loss": 2.978038787841797,
        "delta": 0.005883216857910156
      }
    },
    "256": {
      "svd": {
        "loss": 3.0455856323242188,
        "delta": 0.07343006134033203
      },
      "random": {
        "loss": 2.977003812789917,
        "delta": 0.0048482418060302734
      }
    },
    "512": {
      "svd": {
        "loss": 3.049854040145874,
        "delta": 0.0776984691619873
      },
      "random": {
        "loss": 2.975776433944702,
        "delta": 0.0036208629608154297
      }
    }
  },
  "k_independent": {
    "zero": {
      "loss": 3.016400098800659,
      "delta": 0.04424452781677246
    },
    "shuffle": {
      "loss": 3.0461056232452393,
      "delta": 0.07395005226135254
    }
  },
  "baseline_loss": 2.9721555709838867
}