{
  "config": {
    "svd_dir": "/worxpace/repos/py/GaleMoE/svd_cache/",
    "layer_idx": 16,
    "output_dir": "results_scale10_w1/",
    "num_experts": 8,
    "model_id": "mistralai/Mixtral-8x7B-v0.1",
    "model_tag": "mistralai_Mixtral_8x7B_v0.1",
    "num_samples": 500,
    "seq_len": 64,
    "batch_size": 500,
    "seed": 42,
    "variations": [
      "svd",
      "random",
      "zero",
      "shuffle"
    ],
    "dataset": "wikitext",
    "text_file": null,
    "top_k": [
      1,
      2,
      4,
      8,
      16,
      32,
      64,
      128,
      256,
      512
    ],
    "quantization": null,
    "scale": 10.0
  },
  "by_k": {
    "1": {
      "svd": {
        "loss": 2.9850780963897705,
        "delta": 0.012922525405883789
      },
      "random": {
        "loss": 2.9850707054138184,
        "delta": 0.01291513442993164
      }
    },
    "2": {
      "svd": {
        "loss": 2.983569860458374,
        "delta": 0.011414289474487305
      },
      "random": {
        "loss": 2.98405385017395,
        "delta": 0.011898279190063477
      }
    },
    "4": {
      "svd": {
        "loss": 2.9834952354431152,
        "delta": 0.011339664459228516
      },
      "random": {
        "loss": 2.9789559841156006,
        "delta": 0.006800413131713867
      }
    },
    "8": {
      "svd": {
        "loss": 2.9834275245666504,
        "delta": 0.011271953582763672
      },
      "random": {
        "loss": 2.9770522117614746,
        "delta": 0.004896640777587891
      }
    },
    "16": {
      "svd": {
        "loss": 2.9878454208374023,
        "delta": 0.015689849853515625
      },
      "random": {
        "loss": 2.9742867946624756,
        "delta": 0.002131223678588867
      }
    },
    "32": {
      "svd": {
        "loss": 2.9894587993621826,
        "delta": 0.0173032283782959
      },
      "random": {
        "loss": 2.97416353225708,
        "delta": 0.0020079612731933594
      }
    },
    "64": {
      "svd": {
        "loss": 2.9892733097076416,
        "delta": 0.017117738723754883
      },
      "random": {
        "loss": 2.972870349884033,
        "delta": 0.0007147789001464844
      }
    },
    "128": {
      "svd": {
        "loss": 2.9902825355529785,
        "delta": 0.018126964569091797
      },
      "random": {
        "loss": 2.972923517227173,
        "delta": 0.0007679462432861328
      }
    },
    "256": {
      "svd": {
        "loss": 2.990957736968994,
        "delta": 0.018802165985107422
      },
      "random": {
        "loss": 2.9724061489105225,
        "delta": 0.0002505779266357422
      }
    },
    "512": {
      "svd": {
        "loss": 2.9921226501464844,
        "delta": 0.019967079162597656
      },
      "random": {
        "loss": 2.9724953174591064,
        "delta": 0.00033974647521972656
      }
    }
  },
  "k_independent": {
    "zero": {
      "loss": 2.9845292568206787,
      "delta": 0.012373685836791992
    },
    "shuffle": {
      "loss": 2.9874274730682373,
      "delta": 0.015271902084350586
    }
  },
  "baseline_loss": 2.9721555709838867
}