{
  "config": {
    "svd_dir": "/worxpace/repos/py/GaleMoE/svd_cache/",
    "layer_idx": 19,
    "output_dir": "results_scale10_w1/",
    "num_experts": 8,
    "model_id": "mistralai/Mixtral-8x7B-v0.1",
    "model_tag": "mistralai_Mixtral_8x7B_v0.1",
    "num_samples": 500,
    "seq_len": 64,
    "batch_size": 500,
    "seed": 42,
    "variations": [
      "svd",
      "random",
      "zero",
      "shuffle"
    ],
    "dataset": "wikitext",
    "text_file": null,
    "top_k": [
      1,
      2,
      4,
      8,
      16,
      32,
      64,
      128,
      256,
      512
    ],
    "quantization": null,
    "scale": 10.0
  },
  "by_k": {
    "1": {
      "svd": {
        "loss": 3.0342772006988525,
        "delta": 0.06212162971496582
      },
      "random": {
        "loss": 3.0342772006988525,
        "delta": 0.06212162971496582
      }
    },
    "2": {
      "svd": {
        "loss": 3.0196385383605957,
        "delta": 0.047482967376708984
      },
      "random": {
        "loss": 3.03996205329895,
        "delta": 0.06780648231506348
      }
    },
    "4": {
      "svd": {
        "loss": 2.996347427368164,
        "delta": 0.024191856384277344
      },
      "random": {
        "loss": 3.02742338180542,
        "delta": 0.0552678108215332
      }
    },
    "8": {
      "svd": {
        "loss": 3.0092947483062744,
        "delta": 0.037139177322387695
      },
      "random": {
        "loss": 3.0020370483398438,
        "delta": 0.02988147735595703
      }
    },
    "16": {
      "svd": {
        "loss": 3.011448383331299,
        "delta": 0.03929281234741211
      },
      "random": {
        "loss": 2.973644256591797,
        "delta": 0.0014886856079101562
      }
    },
    "32": {
      "svd": {
        "loss": 3.0135393142700195,
        "delta": 0.04138374328613281
      },
      "random": {
        "loss": 2.9836161136627197,
        "delta": 0.011460542678833008
      }
    },
    "64": {
      "svd": {
        "loss": 3.0141050815582275,
        "delta": 0.04194951057434082
      },
      "random": {
        "loss": 2.978187322616577,
        "delta": 0.00603175163269043
      }
    },
    "128": {
      "svd": {
        "loss": 3.0167171955108643,
        "delta": 0.04456162452697754
      },
      "random": {
        "loss": 2.9762439727783203,
        "delta": 0.004088401794433594
      }
    },
    "256": {
      "svd": {
        "loss": 3.0168027877807617,
        "delta": 0.044647216796875
      },
      "random": {
        "loss": 2.9736270904541016,
        "delta": 0.0014715194702148438
      }
    },
    "512": {
      "svd": {
        "loss": 3.016228675842285,
        "delta": 0.04407310485839844
      },
      "random": {
        "loss": 2.9728641510009766,
        "delta": 0.0007085800170898438
      }
    }
  },
  "k_independent": {
    "zero": {
      "loss": 3.004055976867676,
      "delta": 0.03190040588378906
    },
    "shuffle": {
      "loss": 3.007587194442749,
      "delta": 0.035431623458862305
    }
  },
  "baseline_loss": 2.9721555709838867
}