{
  "config": {
    "svd_dir": "/worxpace/repos/py/GaleMoE/svd_cache/",
    "layer_idx": 12,
    "output_dir": "results_scale10_w1/",
    "num_experts": 8,
    "model_id": "mistralai/Mixtral-8x7B-v0.1",
    "model_tag": "mistralai_Mixtral_8x7B_v0.1",
    "num_samples": 500,
    "seq_len": 64,
    "batch_size": 500,
    "seed": 42,
    "variations": [
      "svd",
      "random",
      "zero",
      "shuffle"
    ],
    "dataset": "wikitext",
    "text_file": null,
    "top_k": [
      1,
      2,
      4,
      8,
      16,
      32,
      64,
      128,
      256,
      512
    ],
    "quantization": null,
    "scale": 10.0
  },
  "by_k": {
    "1": {
      "svd": {
        "loss": 3.0048606395721436,
        "delta": 0.032705068588256836
      },
      "random": {
        "loss": 3.004854440689087,
        "delta": 0.032698869705200195
      }
    },
    "2": {
      "svd": {
        "loss": 3.0042316913604736,
        "delta": 0.032076120376586914
      },
      "random": {
        "loss": 2.9822463989257812,
        "delta": 0.010090827941894531
      }
    },
    "4": {
      "svd": {
        "loss": 3.0042788982391357,
        "delta": 0.03212332725524902
      },
      "random": {
        "loss": 2.981112241744995,
        "delta": 0.008956670761108398
      }
    },
    "8": {
      "svd": {
        "loss": 3.0048415660858154,
        "delta": 0.03268599510192871
      },
      "random": {
        "loss": 2.980116844177246,
        "delta": 0.007961273193359375
      }
    },
    "16": {
      "svd": {
        "loss": 3.004772901535034,
        "delta": 0.03261733055114746
      },
      "random": {
        "loss": 2.97426176071167,
        "delta": 0.002106189727783203
      }
    },
    "32": {
      "svd": {
        "loss": 3.0029969215393066,
        "delta": 0.030841350555419922
      },
      "random": {
        "loss": 2.975573778152466,
        "delta": 0.0034182071685791016
      }
    },
    "64": {
      "svd": {
        "loss": 3.002654790878296,
        "delta": 0.03049921989440918
      },
      "random": {
        "loss": 2.9735805988311768,
        "delta": 0.001425027847290039
      }
    },
    "128": {
      "svd": {
        "loss": 3.001159429550171,
        "delta": 0.02900385856628418
      },
      "random": {
        "loss": 2.973914623260498,
        "delta": 0.0017590522766113281
      }
    },
    "256": {
      "svd": {
        "loss": 3.0030462741851807,
        "delta": 0.030890703201293945
      },
      "random": {
        "loss": 2.9727590084075928,
        "delta": 0.0006034374237060547
      }
    },
    "512": {
      "svd": {
        "loss": 3.00472092628479,
        "delta": 0.03256535530090332
      },
      "random": {
        "loss": 2.972198009490967,
        "delta": 4.2438507080078125e-05
      }
    }
  },
  "k_independent": {
    "zero": {
      "loss": 2.9847986698150635,
      "delta": 0.012643098831176758
    },
    "shuffle": {
      "loss": 2.986550807952881,
      "delta": 0.01439523696899414
    }
  },
  "baseline_loss": 2.9721555709838867
}