{
  "config": {
    "svd_dir": "/worxpace/repos/py/GaleMoE/svd_cache/",
    "layer_idx": 18,
    "output_dir": "results_scale10_w1/",
    "num_experts": 8,
    "model_id": "mistralai/Mixtral-8x7B-v0.1",
    "model_tag": "mistralai_Mixtral_8x7B_v0.1",
    "num_samples": 500,
    "seq_len": 64,
    "batch_size": 500,
    "seed": 42,
    "variations": [
      "svd",
      "random",
      "zero",
      "shuffle"
    ],
    "dataset": "wikitext",
    "text_file": null,
    "top_k": [
      1,
      2,
      4,
      8,
      16,
      32,
      64,
      128,
      256,
      512
    ],
    "quantization": null,
    "scale": 10.0
  },
  "by_k": {
    "1": {
      "svd": {
        "loss": 2.9938833713531494,
        "delta": 0.021727800369262695
      },
      "random": {
        "loss": 2.9938833713531494,
        "delta": 0.021727800369262695
      }
    },
    "2": {
      "svd": {
        "loss": 2.9883921146392822,
        "delta": 0.016236543655395508
      },
      "random": {
        "loss": 2.9951729774475098,
        "delta": 0.023017406463623047
      }
    },
    "4": {
      "svd": {
        "loss": 2.997969627380371,
        "delta": 0.025814056396484375
      },
      "random": {
        "loss": 2.9871015548706055,
        "delta": 0.01494598388671875
      }
    },
    "8": {
      "svd": {
        "loss": 2.9948534965515137,
        "delta": 0.022697925567626953
      },
      "random": {
        "loss": 2.9801406860351562,
        "delta": 0.007985115051269531
      }
    },
    "16": {
      "svd": {
        "loss": 2.997293710708618,
        "delta": 0.025138139724731445
      },
      "random": {
        "loss": 2.986297369003296,
        "delta": 0.01414179801940918
      }
    },
    "32": {
      "svd": {
        "loss": 2.997580051422119,
        "delta": 0.025424480438232422
      },
      "random": {
        "loss": 2.977818012237549,
        "delta": 0.005662441253662109
      }
    },
    "64": {
      "svd": {
        "loss": 3.000762939453125,
        "delta": 0.02860736846923828
      },
      "random": {
        "loss": 2.9782800674438477,
        "delta": 0.0061244964599609375
      }
    },
    "128": {
      "svd": {
        "loss": 3.002601385116577,
        "delta": 0.03044581413269043
      },
      "random": {
        "loss": 2.975135087966919,
        "delta": 0.0029795169830322266
      }
    },
    "256": {
      "svd": {
        "loss": 3.0030760765075684,
        "delta": 0.03092050552368164
      },
      "random": {
        "loss": 2.972487449645996,
        "delta": 0.000331878662109375
      }
    },
    "512": {
      "svd": {
        "loss": 3.0034737586975098,
        "delta": 0.03131818771362305
      },
      "random": {
        "loss": 2.972463369369507,
        "delta": 0.0003077983856201172
      }
    }
  },
  "k_independent": {
    "zero": {
      "loss": 2.9984281063079834,
      "delta": 0.02627253532409668
    },
    "shuffle": {
      "loss": 2.9972851276397705,
      "delta": 0.02512955665588379
    }
  },
  "baseline_loss": 2.9721555709838867
}