{
  "config": {
    "svd_dir": "/worxpace/repos/py/GaleMoE/svd_cache/",
    "layer_idx": 7,
    "output_dir": "results_scale10_w1/",
    "num_experts": 8,
    "model_id": "mistralai/Mixtral-8x7B-v0.1",
    "model_tag": "mistralai_Mixtral_8x7B_v0.1",
    "num_samples": 500,
    "seq_len": 64,
    "batch_size": 500,
    "seed": 42,
    "variations": [
      "svd",
      "random",
      "zero",
      "shuffle"
    ],
    "dataset": "wikitext",
    "text_file": null,
    "top_k": [
      1,
      2,
      4,
      8,
      16,
      32,
      64,
      128,
      256,
      512
    ],
    "quantization": null,
    "scale": 10.0
  },
  "by_k": {
    "1": {
      "svd": {
        "loss": 2.9804129600524902,
        "delta": 0.008257389068603516
      },
      "random": {
        "loss": 2.9804277420043945,
        "delta": 0.008272171020507812
      }
    },
    "2": {
      "svd": {
        "loss": 2.982985734939575,
        "delta": 0.010830163955688477
      },
      "random": {
        "loss": 2.9824936389923096,
        "delta": 0.010338068008422852
      }
    },
    "4": {
      "svd": {
        "loss": 2.987356424331665,
        "delta": 0.01520085334777832
      },
      "random": {
        "loss": 2.980177402496338,
        "delta": 0.008021831512451172
      }
    },
    "8": {
      "svd": {
        "loss": 2.9840691089630127,
        "delta": 0.011913537979125977
      },
      "random": {
        "loss": 2.976468801498413,
        "delta": 0.004313230514526367
      }
    },
    "16": {
      "svd": {
        "loss": 2.985224723815918,
        "delta": 0.01306915283203125
      },
      "random": {
        "loss": 2.9782493114471436,
        "delta": 0.006093740463256836
      }
    },
    "32": {
      "svd": {
        "loss": 2.985825777053833,
        "delta": 0.013670206069946289
      },
      "random": {
        "loss": 2.9765431880950928,
        "delta": 0.004387617111206055
      }
    },
    "64": {
      "svd": {
        "loss": 2.9914984703063965,
        "delta": 0.019342899322509766
      },
      "random": {
        "loss": 2.9753925800323486,
        "delta": 0.003237009048461914
      }
    },
    "128": {
      "svd": {
        "loss": 2.9919791221618652,
        "delta": 0.019823551177978516
      },
      "random": {
        "loss": 2.97436261177063,
        "delta": 0.002207040786743164
      }
    },
    "256": {
      "svd": {
        "loss": 2.9965436458587646,
        "delta": 0.02438807487487793
      },
      "random": {
        "loss": 2.973098039627075,
        "delta": 0.0009424686431884766
      }
    },
    "512": {
      "svd": {
        "loss": 2.9948761463165283,
        "delta": 0.0227205753326416
      },
      "random": {
        "loss": 2.9731500148773193,
        "delta": 0.0009944438934326172
      }
    }
  },
  "k_independent": {
    "zero": {
      "loss": 2.98348331451416,
      "delta": 0.011327743530273438
    },
    "shuffle": {
      "loss": 2.9910221099853516,
      "delta": 0.018866539001464844
    }
  },
  "baseline_loss": 2.9721555709838867
}