{
  "config": {
    "svd_dir": "/worxpace/repos/py/GaleMoE/svd_cache/",
    "layer_idx": 2,
    "output_dir": "results_scale10_w1/",
    "num_experts": 8,
    "model_id": "mistralai/Mixtral-8x7B-v0.1",
    "model_tag": "mistralai_Mixtral_8x7B_v0.1",
    "num_samples": 500,
    "seq_len": 64,
    "batch_size": 500,
    "seed": 42,
    "variations": [
      "svd",
      "random",
      "zero",
      "shuffle"
    ],
    "dataset": "wikitext",
    "text_file": null,
    "top_k": [
      1,
      2,
      4,
      8,
      16,
      32,
      64,
      128,
      256,
      512
    ],
    "quantization": null,
    "scale": 10.0
  },
  "by_k": {
    "1": {
      "svd": {
        "loss": 2.9948060512542725,
        "delta": 0.022650480270385742
      },
      "random": {
        "loss": 2.994828462600708,
        "delta": 0.02267289161682129
      }
    },
    "2": {
      "svd": {
        "loss": 3.003704071044922,
        "delta": 0.031548500061035156
      },
      "random": {
        "loss": 3.008526086807251,
        "delta": 0.03637051582336426
      }
    },
    "4": {
      "svd": {
        "loss": 3.027557849884033,
        "delta": 0.055402278900146484
      },
      "random": {
        "loss": 2.998499870300293,
        "delta": 0.02634429931640625
      }
    },
    "8": {
      "svd": {
        "loss": 3.0311601161956787,
        "delta": 0.05900454521179199
      },
      "random": {
        "loss": 2.9800984859466553,
        "delta": 0.007942914962768555
      }
    },
    "16": {
      "svd": {
        "loss": 3.026949882507324,
        "delta": 0.0547943115234375
      },
      "random": {
        "loss": 2.985973834991455,
        "delta": 0.01381826400756836
      }
    },
    "32": {
      "svd": {
        "loss": 3.029125213623047,
        "delta": 0.056969642639160156
      },
      "random": {
        "loss": 2.9824819564819336,
        "delta": 0.010326385498046875
      }
    },
    "64": {
      "svd": {
        "loss": 3.040287733078003,
        "delta": 0.06813216209411621
      },
      "random": {
        "loss": 2.9763941764831543,
        "delta": 0.004238605499267578
      }
    },
    "128": {
      "svd": {
        "loss": 3.0437233448028564,
        "delta": 0.07156777381896973
      },
      "random": {
        "loss": 2.9739201068878174,
        "delta": 0.001764535903930664
      }
    },
    "256": {
      "svd": {
        "loss": 3.0526504516601562,
        "delta": 0.08049488067626953
      },
      "random": {
        "loss": 2.9738807678222656,
        "delta": 0.0017251968383789062
      }
    },
    "512": {
      "svd": {
        "loss": 3.0536484718322754,
        "delta": 0.08149290084838867
      },
      "random": {
        "loss": 2.973527193069458,
        "delta": 0.001371622085571289
      }
    }
  },
  "k_independent": {
    "zero": {
      "loss": 3.0129284858703613,
      "delta": 0.04077291488647461
    },
    "shuffle": {
      "loss": 3.038626194000244,
      "delta": 0.06647062301635742
    }
  },
  "baseline_loss": 2.9721555709838867
}