{
  "config": {
    "svd_dir": "/worxpace/repos/py/GaleMoE/svd_cache/",
    "layer_idx": 1,
    "num_experts": 8,
    "model_id": "mistralai/Mixtral-8x7B-v0.1",
    "model_tag": "mistralai_Mixtral_8x7B_v0.1",
    "output_file": "/worxpace/repos/py/GaleMoE/results_project_out.json",
    "output_dir": null,
    "num_samples": 16,
    "seq_len": 128,
    "batch_size": 5,
    "seed": 42,
    "variations": [
      "svd",
      "random",
      "zero",
      "shuffle"
    ],
    "dataset": "wikitext",
    "text_file": null,
    "top_k": [
      1,
      4,
      16,
      64,
      128,
      256
    ],
    "quantization": null
  },
  "results": {},
  "by_k": {
    "1": {
      "svd": {
        "loss": 2.6279202699661255,
        "delta": -0.002581775188446045
      },
      "random": {
        "loss": 2.6305596232414246,
        "delta": 5.7578086853027344e-05
      },
      "zero": {
        "loss": 3.545702815055847,
        "delta": 0.9152007699012756
      },
      "shuffle": {
        "loss": 3.5595771074295044,
        "delta": 0.9290750622749329
      }
    },
    "4": {
      "svd": {
        "loss": 2.7255160212516785,
        "delta": 0.09501397609710693
      },
      "random": {
        "loss": 2.6305596232414246,
        "delta": 5.7578086853027344e-05
      },
      "zero": {
        "loss": 3.545702815055847,
        "delta": 0.9152007699012756
      },
      "shuffle": {
        "loss": 3.5595771074295044,
        "delta": 0.9290750622749329
      }
    },
    "16": {
      "svd": {
        "loss": 3.1000909209251404,
        "delta": 0.46958887577056885
      },
      "random": {
        "loss": 2.6305596232414246,
        "delta": 5.7578086853027344e-05
      },
      "zero": {
        "loss": 3.545702815055847,
        "delta": 0.9152007699012756
      },
      "shuffle": {
        "loss": 3.5595771074295044,
        "delta": 0.9290750622749329
      }
    },
    "64": {
      "svd": {
        "loss": 2.645204722881317,
        "delta": 0.014702677726745605
      },
      "random": {
        "loss": 2.6305596232414246,
        "delta": 5.7578086853027344e-05
      },
      "zero": {
        "loss": 3.545702815055847,
        "delta": 0.9152007699012756
      },
      "shuffle": {
        "loss": 3.5595771074295044,
        "delta": 0.9290750622749329
      }
    },
    "128": {
      "svd": {
        "loss": 2.6587688326835632,
        "delta": 0.0282667875289917
      },
      "random": {
        "loss": 2.6305596232414246,
        "delta": 5.7578086853027344e-05
      },
      "zero": {
        "loss": 3.545702815055847,
        "delta": 0.9152007699012756
      },
      "shuffle": {
        "loss": 3.5595771074295044,
        "delta": 0.9290750622749329
      }
    },
    "256": {
      "svd": {
        "loss": 2.9694868326187134,
        "delta": 0.33898478746414185
      },
      "random": {
        "loss": 2.6305596232414246,
        "delta": 5.7578086853027344e-05
      },
      "zero": {
        "loss": 3.545702815055847,
        "delta": 0.9152007699012756
      },
      "shuffle": {
        "loss": 3.5595771074295044,
        "delta": 0.9290750622749329
      }
    }
  },
  "baseline_loss": 2.6305020451545715
}