{
  "config": {
    "svd_dir": "/worxpace/repos/py/GaleMoE/svd_cache",
    "layer_idx": 13,
    "num_experts": 8,
    "model_id": "mistralai/Mixtral-8x7B-v0.1",
    "model_tag": "mistralai_Mixtral_8x7B_v0.1",
    "output_file": "/worxpace/repos/py/GaleMoE/results_project_out.json",
    "num_samples": 10,
    "seq_len": 512,
    "batch_size": 4,
    "seed": 42,
    "variations": [
      "svd",
      "orthogonal",
      "random",
      "zero",
      "shuffle"
    ],
    "dataset": "wikitext",
    "text_file": null,
    "top_k": [
      1,
      4,
      16,
      64,
      128
    ],
    "use_single_device": false,
    "target_layer_only_gpu": true,
    "num_layers": 32
  },
  "results": {},
  "by_k": {
    "1": {
      "svd": {
        "loss": 2.1938459873199463,
        "delta": -0.0006537437438964844
      },
      "orthogonal": {
        "loss": 2.195082187652588,
        "delta": 0.0005824565887451172
      },
      "random": {
        "loss": 2.194613456726074,
        "delta": 0.00011372566223144531
      },
      "zero": {
        "loss": 2.221891164779663,
        "delta": 0.027391433715820312
      },
      "shuffle": {
        "loss": 2.221245050430298,
        "delta": 0.026745319366455078
      }
    },
    "4": {
      "svd": {
        "loss": 2.1961138248443604,
        "delta": 0.0016140937805175781
      },
      "orthogonal": {
        "loss": 2.195082187652588,
        "delta": 0.0005824565887451172
      },
      "random": {
        "loss": 2.194613456726074,
        "delta": 0.00011372566223144531
      },
      "zero": {
        "loss": 2.221891164779663,
        "delta": 0.027391433715820312
      },
      "shuffle": {
        "loss": 2.221245050430298,
        "delta": 0.026745319366455078
      }
    },
    "16": {
      "svd": {
        "loss": 2.195457935333252,
        "delta": 0.0009582042694091797
      },
      "orthogonal": {
        "loss": 2.195082187652588,
        "delta": 0.0005824565887451172
      },
      "random": {
        "loss": 2.194613456726074,
        "delta": 0.00011372566223144531
      },
      "zero": {
        "loss": 2.221891164779663,
        "delta": 0.027391433715820312
      },
      "shuffle": {
        "loss": 2.221245050430298,
        "delta": 0.026745319366455078
      }
    },
    "64": {
      "svd": {
        "loss": 2.195195436477661,
        "delta": 0.0006957054138183594
      },
      "orthogonal": {
        "loss": 2.195082187652588,
        "delta": 0.0005824565887451172
      },
      "random": {
        "loss": 2.194613456726074,
        "delta": 0.00011372566223144531
      },
      "zero": {
        "loss": 2.221891164779663,
        "delta": 0.027391433715820312
      },
      "shuffle": {
        "loss": 2.221245050430298,
        "delta": 0.026745319366455078
      }
    },
    "128": {
      "svd": {
        "loss": 2.1997978687286377,
        "delta": 0.005298137664794922
      },
      "orthogonal": {
        "loss": 2.195082187652588,
        "delta": 0.0005824565887451172
      },
      "random": {
        "loss": 2.194613456726074,
        "delta": 0.00011372566223144531
      },
      "zero": {
        "loss": 2.221891164779663,
        "delta": 0.027391433715820312
      },
      "shuffle": {
        "loss": 2.221245050430298,
        "delta": 0.026745319366455078
      }
    }
  },
  "baseline_loss": 2.1944997310638428
}