{
  "config": {
    "svd_dir": "/worxpace/repos/py/GaleMoE/svd_cache/float/w3/",
    "layer_idx": 30,
    "output_dir": "results_scale10/",
    "num_experts": 8,
    "model_id": "mistralai/Mixtral-8x7B-v0.1",
    "model_tag": "mistralai_Mixtral_8x7B_v0.1",
    "num_samples": 500,
    "seq_len": 64,
    "batch_size": 500,
    "seed": 42,
    "variations": [
      "svd",
      "random",
      "zero",
      "shuffle"
    ],
    "dataset": "wikitext",
    "text_file": null,
    "top_k": [
      1,
      2,
      4,
      8,
      16,
      32,
      64,
      128,
      256,
      512
    ],
    "quantization": null,
    "scale": 10.0
  },
  "by_k": {
    "1": {
      "svd": {
        "loss": 3.045154333114624,
        "delta": 0.0729987621307373
      },
      "random": {
        "loss": 3.045152425765991,
        "delta": 0.07299685478210449
      }
    },
    "2": {
      "svd": {
        "loss": 3.068183660507202,
        "delta": 0.09602808952331543
      },
      "random": {
        "loss": 2.967825174331665,
        "delta": -0.00433039665222168
      }
    },
    "4": {
      "svd": {
        "loss": 3.0406978130340576,
        "delta": 0.0685422420501709
      },
      "random": {
        "loss": 3.0178699493408203,
        "delta": 0.045714378356933594
      }
    },
    "8": {
      "svd": {
        "loss": 3.042638063430786,
        "delta": 0.07048249244689941
      },
      "random": {
        "loss": 3.00138521194458,
        "delta": 0.02922964096069336
      }
    },
    "16": {
      "svd": {
        "loss": 3.03855037689209,
        "delta": 0.06639480590820312
      },
      "random": {
        "loss": 3.007765531539917,
        "delta": 0.03560996055603027
      }
    },
    "32": {
      "svd": {
        "loss": 3.042929172515869,
        "delta": 0.07077360153198242
      },
      "random": {
        "loss": 3.0043838024139404,
        "delta": 0.03222823143005371
      }
    },
    "64": {
      "svd": {
        "loss": 3.043278694152832,
        "delta": 0.07112312316894531
      },
      "random": {
        "loss": 3.02690052986145,
        "delta": 0.05474495887756348
      }
    },
    "128": {
      "svd": {
        "loss": 3.0412113666534424,
        "delta": 0.06905579566955566
      },
      "random": {
        "loss": 2.994105577468872,
        "delta": 0.02195000648498535
      }
    },
    "256": {
      "svd": {
        "loss": 3.0386159420013428,
        "delta": 0.06646037101745605
      },
      "random": {
        "loss": 2.9729936122894287,
        "delta": 0.0008380413055419922
      }
    },
    "512": {
      "svd": {
        "loss": 3.0359232425689697,
        "delta": 0.06376767158508301
      },
      "random": {
        "loss": 2.973891258239746,
        "delta": 0.001735687255859375
      }
    }
  },
  "k_independent": {
    "zero": {
      "loss": 3.0138325691223145,
      "delta": 0.041676998138427734
    },
    "shuffle": {
      "loss": 3.0301220417022705,
      "delta": 0.05796647071838379
    }
  },
  "baseline_loss": 2.9721555709838867
}