{
  "config": {
    "svd_dir": "/worxpace/repos/py/GaleMoE/svd_cache/float/w3/",
    "layer_idx": 24,
    "output_dir": "results_scale10/",
    "num_experts": 8,
    "model_id": "mistralai/Mixtral-8x7B-v0.1",
    "model_tag": "mistralai_Mixtral_8x7B_v0.1",
    "num_samples": 500,
    "seq_len": 64,
    "batch_size": 500,
    "seed": 42,
    "variations": [
      "svd",
      "random",
      "zero",
      "shuffle"
    ],
    "dataset": "wikitext",
    "text_file": null,
    "top_k": [
      1,
      2,
      4,
      8,
      16,
      32,
      64,
      128,
      256,
      512
    ],
    "quantization": null,
    "scale": 10.0
  },
  "by_k": {
    "1": {
      "svd": {
        "loss": 2.990138292312622,
        "delta": 0.01798272132873535
      },
      "random": {
        "loss": 2.990158796310425,
        "delta": 0.018003225326538086
      }
    },
    "2": {
      "svd": {
        "loss": 2.994203805923462,
        "delta": 0.022048234939575195
      },
      "random": {
        "loss": 2.9944815635681152,
        "delta": 0.022325992584228516
      }
    },
    "4": {
      "svd": {
        "loss": 2.994997262954712,
        "delta": 0.022841691970825195
      },
      "random": {
        "loss": 2.992696762084961,
        "delta": 0.02054119110107422
      }
    },
    "8": {
      "svd": {
        "loss": 2.9971923828125,
        "delta": 0.02503681182861328
      },
      "random": {
        "loss": 2.9909698963165283,
        "delta": 0.0188143253326416
      }
    },
    "16": {
      "svd": {
        "loss": 2.9954915046691895,
        "delta": 0.023335933685302734
      },
      "random": {
        "loss": 2.97594952583313,
        "delta": 0.003793954849243164
      }
    },
    "32": {
      "svd": {
        "loss": 2.9969630241394043,
        "delta": 0.024807453155517578
      },
      "random": {
        "loss": 2.9745841026306152,
        "delta": 0.0024285316467285156
      }
    },
    "64": {
      "svd": {
        "loss": 2.997642993927002,
        "delta": 0.025487422943115234
      },
      "random": {
        "loss": 2.9733409881591797,
        "delta": 0.0011854171752929688
      }
    },
    "128": {
      "svd": {
        "loss": 2.998080253601074,
        "delta": 0.0259246826171875
      },
      "random": {
        "loss": 2.9725615978240967,
        "delta": 0.00040602684020996094
      }
    },
    "256": {
      "svd": {
        "loss": 2.9982776641845703,
        "delta": 0.026122093200683594
      },
      "random": {
        "loss": 2.972163677215576,
        "delta": 8.106231689453125e-06
      }
    },
    "512": {
      "svd": {
        "loss": 2.9993369579315186,
        "delta": 0.027181386947631836
      },
      "random": {
        "loss": 2.9724280834198,
        "delta": 0.00027251243591308594
      }
    }
  },
  "k_independent": {
    "zero": {
      "loss": 2.9879677295684814,
      "delta": 0.015812158584594727
    },
    "shuffle": {
      "loss": 2.994859457015991,
      "delta": 0.022703886032104492
    }
  },
  "baseline_loss": 2.9721555709838867
}