{
  "config": {
    "svd_dir": "/worxpace/repos/py/GaleMoE/svd_cache/float/w3/",
    "layer_idx": 26,
    "output_dir": "results_scale10/",
    "num_experts": 8,
    "model_id": "mistralai/Mixtral-8x7B-v0.1",
    "model_tag": "mistralai_Mixtral_8x7B_v0.1",
    "num_samples": 500,
    "seq_len": 64,
    "batch_size": 500,
    "seed": 42,
    "variations": [
      "svd",
      "random",
      "zero",
      "shuffle"
    ],
    "dataset": "wikitext",
    "text_file": null,
    "top_k": [
      1,
      2,
      4,
      8,
      16,
      32,
      64,
      128,
      256,
      512
    ],
    "quantization": null,
    "scale": 10.0
  },
  "by_k": {
    "1": {
      "svd": {
        "loss": 3.0036187171936035,
        "delta": 0.0314631462097168
      },
      "random": {
        "loss": 3.0036559104919434,
        "delta": 0.03150033950805664
      }
    },
    "2": {
      "svd": {
        "loss": 3.002764940261841,
        "delta": 0.0306093692779541
      },
      "random": {
        "loss": 2.996279716491699,
        "delta": 0.0241241455078125
      }
    },
    "4": {
      "svd": {
        "loss": 3.0018372535705566,
        "delta": 0.029681682586669922
      },
      "random": {
        "loss": 2.9933226108551025,
        "delta": 0.02116703987121582
      }
    },
    "8": {
      "svd": {
        "loss": 3.0008440017700195,
        "delta": 0.028688430786132812
      },
      "random": {
        "loss": 2.9862277507781982,
        "delta": 0.014072179794311523
      }
    },
    "16": {
      "svd": {
        "loss": 3.0003817081451416,
        "delta": 0.028226137161254883
      },
      "random": {
        "loss": 2.9854180812835693,
        "delta": 0.013262510299682617
      }
    },
    "32": {
      "svd": {
        "loss": 3.0003292560577393,
        "delta": 0.02817368507385254
      },
      "random": {
        "loss": 2.979569673538208,
        "delta": 0.007414102554321289
      }
    },
    "64": {
      "svd": {
        "loss": 3.00114107131958,
        "delta": 0.02898550033569336
      },
      "random": {
        "loss": 2.9773383140563965,
        "delta": 0.005182743072509766
      }
    },
    "128": {
      "svd": {
        "loss": 3.001788854598999,
        "delta": 0.029633283615112305
      },
      "random": {
        "loss": 2.9748895168304443,
        "delta": 0.002733945846557617
      }
    },
    "256": {
      "svd": {
        "loss": 3.001272201538086,
        "delta": 0.02911663055419922
      },
      "random": {
        "loss": 2.9738638401031494,
        "delta": 0.0017082691192626953
      }
    },
    "512": {
      "svd": {
        "loss": 3.002991199493408,
        "delta": 0.030835628509521484
      },
      "random": {
        "loss": 2.972853660583496,
        "delta": 0.000698089599609375
      }
    }
  },
  "k_independent": {
    "zero": {
      "loss": 2.9902188777923584,
      "delta": 0.01806330680847168
    },
    "shuffle": {
      "loss": 2.9978902339935303,
      "delta": 0.025734663009643555
    }
  },
  "baseline_loss": 2.9721555709838867
}