{
  "config": {
    "svd_dir": "/worxpace/repos/py/GaleMoE/svd_cache/float/w3/",
    "layer_idx": 21,
    "output_dir": "results_scale10/",
    "num_experts": 8,
    "model_id": "mistralai/Mixtral-8x7B-v0.1",
    "model_tag": "mistralai_Mixtral_8x7B_v0.1",
    "num_samples": 500,
    "seq_len": 64,
    "batch_size": 500,
    "seed": 42,
    "variations": [
      "svd",
      "random",
      "zero",
      "shuffle"
    ],
    "dataset": "wikitext",
    "text_file": null,
    "top_k": [
      1,
      2,
      4,
      8,
      16,
      32,
      64,
      128,
      256,
      512
    ],
    "quantization": null,
    "scale": 10.0
  },
  "by_k": {
    "1": {
      "svd": {
        "loss": 2.999516487121582,
        "delta": 0.027360916137695312
      },
      "random": {
        "loss": 2.9994897842407227,
        "delta": 0.027334213256835938
      }
    },
    "2": {
      "svd": {
        "loss": 3.001127004623413,
        "delta": 0.028971433639526367
      },
      "random": {
        "loss": 3.0009472370147705,
        "delta": 0.02879166603088379
      }
    },
    "4": {
      "svd": {
        "loss": 3.0007224082946777,
        "delta": 0.028566837310791016
      },
      "random": {
        "loss": 3.0013716220855713,
        "delta": 0.02921605110168457
      }
    },
    "8": {
      "svd": {
        "loss": 3.0017547607421875,
        "delta": 0.02959918975830078
      },
      "random": {
        "loss": 2.995940685272217,
        "delta": 0.023785114288330078
      }
    },
    "16": {
      "svd": {
        "loss": 3.002741575241089,
        "delta": 0.03058600425720215
      },
      "random": {
        "loss": 2.9858956336975098,
        "delta": 0.013740062713623047
      }
    },
    "32": {
      "svd": {
        "loss": 3.000885248184204,
        "delta": 0.028729677200317383
      },
      "random": {
        "loss": 2.9791839122772217,
        "delta": 0.007028341293334961
      }
    },
    "64": {
      "svd": {
        "loss": 3.001152753829956,
        "delta": 0.028997182846069336
      },
      "random": {
        "loss": 2.976078748703003,
        "delta": 0.003923177719116211
      }
    },
    "128": {
      "svd": {
        "loss": 3.0029358863830566,
        "delta": 0.030780315399169922
      },
      "random": {
        "loss": 2.973644256591797,
        "delta": 0.0014886856079101562
      }
    },
    "256": {
      "svd": {
        "loss": 3.0046515464782715,
        "delta": 0.032495975494384766
      },
      "random": {
        "loss": 2.971930503845215,
        "delta": -0.000225067138671875
      }
    },
    "512": {
      "svd": {
        "loss": 3.0062155723571777,
        "delta": 0.034060001373291016
      },
      "random": {
        "loss": 2.9724764823913574,
        "delta": 0.0003209114074707031
      }
    }
  },
  "k_independent": {
    "zero": {
      "loss": 2.9929463863372803,
      "delta": 0.020790815353393555
    },
    "shuffle": {
      "loss": 3.0024542808532715,
      "delta": 0.030298709869384766
    }
  },
  "baseline_loss": 2.9721555709838867
}