{
  "config": {
    "svd_dir": "/worxpace/repos/py/GaleMoE/svd_cache/float/w3/",
    "layer_idx": 7,
    "output_dir": "results_scale10/",
    "num_experts": 8,
    "model_id": "mistralai/Mixtral-8x7B-v0.1",
    "model_tag": "mistralai_Mixtral_8x7B_v0.1",
    "num_samples": 500,
    "seq_len": 64,
    "batch_size": 500,
    "seed": 42,
    "variations": [
      "svd",
      "random",
      "zero",
      "shuffle"
    ],
    "dataset": "wikitext",
    "text_file": null,
    "top_k": [
      1,
      2,
      4,
      8,
      16,
      32,
      64,
      128,
      256,
      512
    ],
    "quantization": null,
    "scale": 10.0
  },
  "by_k": {
    "1": {
      "svd": {
        "loss": 2.9793174266815186,
        "delta": 0.007161855697631836
      },
      "random": {
        "loss": 2.9793174266815186,
        "delta": 0.007161855697631836
      }
    },
    "2": {
      "svd": {
        "loss": 2.9822440147399902,
        "delta": 0.010088443756103516
      },
      "random": {
        "loss": 2.981515884399414,
        "delta": 0.009360313415527344
      }
    },
    "4": {
      "svd": {
        "loss": 2.98683500289917,
        "delta": 0.014679431915283203
      },
      "random": {
        "loss": 2.9795565605163574,
        "delta": 0.007400989532470703
      }
    },
    "8": {
      "svd": {
        "loss": 2.9884121417999268,
        "delta": 0.01625657081604004
      },
      "random": {
        "loss": 2.97567081451416,
        "delta": 0.0035152435302734375
      }
    },
    "16": {
      "svd": {
        "loss": 2.990664005279541,
        "delta": 0.018508434295654297
      },
      "random": {
        "loss": 2.977342367172241,
        "delta": 0.005186796188354492
      }
    },
    "32": {
      "svd": {
        "loss": 2.992764949798584,
        "delta": 0.020609378814697266
      },
      "random": {
        "loss": 2.976099729537964,
        "delta": 0.0039441585540771484
      }
    },
    "64": {
      "svd": {
        "loss": 2.991818428039551,
        "delta": 0.019662857055664062
      },
      "random": {
        "loss": 2.9754672050476074,
        "delta": 0.003311634063720703
      }
    },
    "128": {
      "svd": {
        "loss": 2.9930291175842285,
        "delta": 0.020873546600341797
      },
      "random": {
        "loss": 2.974785566329956,
        "delta": 0.002629995346069336
      }
    },
    "256": {
      "svd": {
        "loss": 2.997220754623413,
        "delta": 0.025065183639526367
      },
      "random": {
        "loss": 2.974104642868042,
        "delta": 0.0019490718841552734
      }
    },
    "512": {
      "svd": {
        "loss": 2.9941444396972656,
        "delta": 0.021988868713378906
      },
      "random": {
        "loss": 2.9732558727264404,
        "delta": 0.001100301742553711
      }
    }
  },
  "k_independent": {
    "zero": {
      "loss": 2.98348331451416,
      "delta": 0.011327743530273438
    },
    "shuffle": {
      "loss": 2.9910221099853516,
      "delta": 0.018866539001464844
    }
  },
  "baseline_loss": 2.9721555709838867
}