{
  "config": {
    "svd_dir": "/worxpace/repos/py/GaleMoE/svd_cache/float/w3/",
    "layer_idx": 17,
    "output_dir": "results_scale10/",
    "num_experts": 8,
    "model_id": "mistralai/Mixtral-8x7B-v0.1",
    "model_tag": "mistralai_Mixtral_8x7B_v0.1",
    "num_samples": 500,
    "seq_len": 64,
    "batch_size": 500,
    "seed": 42,
    "variations": [
      "svd",
      "random",
      "zero",
      "shuffle"
    ],
    "dataset": "wikitext",
    "text_file": null,
    "top_k": [
      1,
      2,
      4,
      8,
      16,
      32,
      64,
      128,
      256,
      512
    ],
    "quantization": null,
    "scale": 10.0
  },
  "by_k": {
    "1": {
      "svd": {
        "loss": 2.9832112789154053,
        "delta": 0.011055707931518555
      },
      "random": {
        "loss": 2.9831976890563965,
        "delta": 0.011042118072509766
      }
    },
    "2": {
      "svd": {
        "loss": 2.9835500717163086,
        "delta": 0.011394500732421875
      },
      "random": {
        "loss": 2.980882406234741,
        "delta": 0.008726835250854492
      }
    },
    "4": {
      "svd": {
        "loss": 2.989161252975464,
        "delta": 0.01700568199157715
      },
      "random": {
        "loss": 2.9829800128936768,
        "delta": 0.010824441909790039
      }
    },
    "8": {
      "svd": {
        "loss": 2.9894042015075684,
        "delta": 0.01724863052368164
      },
      "random": {
        "loss": 2.9795169830322266,
        "delta": 0.007361412048339844
      }
    },
    "16": {
      "svd": {
        "loss": 2.9879298210144043,
        "delta": 0.015774250030517578
      },
      "random": {
        "loss": 2.9758074283599854,
        "delta": 0.003651857376098633
      }
    },
    "32": {
      "svd": {
        "loss": 2.986514091491699,
        "delta": 0.0143585205078125
      },
      "random": {
        "loss": 2.9764585494995117,
        "delta": 0.004302978515625
      }
    },
    "64": {
      "svd": {
        "loss": 2.987400531768799,
        "delta": 0.01524496078491211
      },
      "random": {
        "loss": 2.975191593170166,
        "delta": 0.003036022186279297
      }
    },
    "128": {
      "svd": {
        "loss": 2.9876668453216553,
        "delta": 0.015511274337768555
      },
      "random": {
        "loss": 2.9731292724609375,
        "delta": 0.0009737014770507812
      }
    },
    "256": {
      "svd": {
        "loss": 2.9885969161987305,
        "delta": 0.01644134521484375
      },
      "random": {
        "loss": 2.9719231128692627,
        "delta": -0.00023245811462402344
      }
    },
    "512": {
      "svd": {
        "loss": 2.989895820617676,
        "delta": 0.017740249633789062
      },
      "random": {
        "loss": 2.973464250564575,
        "delta": 0.0013086795806884766
      }
    }
  },
  "k_independent": {
    "zero": {
      "loss": 2.9874212741851807,
      "delta": 0.015265703201293945
    },
    "shuffle": {
      "loss": 2.986647367477417,
      "delta": 0.014491796493530273
    }
  },
  "baseline_loss": 2.9721555709838867
}