{
  "config": {
    "svd_dir": "/worxpace/repos/py/GaleMoE/svd_cache/float/w3/",
    "layer_idx": 10,
    "output_dir": "results_scale10/",
    "num_experts": 8,
    "model_id": "mistralai/Mixtral-8x7B-v0.1",
    "model_tag": "mistralai_Mixtral_8x7B_v0.1",
    "num_samples": 500,
    "seq_len": 64,
    "batch_size": 500,
    "seed": 42,
    "variations": [
      "svd",
      "random",
      "zero",
      "shuffle"
    ],
    "dataset": "wikitext",
    "text_file": null,
    "top_k": [
      1,
      2,
      4,
      8,
      16,
      32,
      64,
      128,
      256,
      512
    ],
    "quantization": null,
    "scale": 10.0
  },
  "by_k": {
    "1": {
      "svd": {
        "loss": 2.975294351577759,
        "delta": 0.0031387805938720703
      },
      "random": {
        "loss": 2.9752635955810547,
        "delta": 0.0031080245971679688
      }
    },
    "2": {
      "svd": {
        "loss": 2.9729576110839844,
        "delta": 0.0008020401000976562
      },
      "random": {
        "loss": 2.9729340076446533,
        "delta": 0.0007784366607666016
      }
    },
    "4": {
      "svd": {
        "loss": 2.97760272026062,
        "delta": 0.0054471492767333984
      },
      "random": {
        "loss": 2.9734835624694824,
        "delta": 0.0013279914855957031
      }
    },
    "8": {
      "svd": {
        "loss": 2.9760119915008545,
        "delta": 0.0038564205169677734
      },
      "random": {
        "loss": 2.971867799758911,
        "delta": -0.00028777122497558594
      }
    },
    "16": {
      "svd": {
        "loss": 2.9787137508392334,
        "delta": 0.00655817985534668
      },
      "random": {
        "loss": 2.974017381668091,
        "delta": 0.0018618106842041016
      }
    },
    "32": {
      "svd": {
        "loss": 2.9818971157073975,
        "delta": 0.009741544723510742
      },
      "random": {
        "loss": 2.978060007095337,
        "delta": 0.005904436111450195
      }
    },
    "64": {
      "svd": {
        "loss": 2.985048770904541,
        "delta": 0.012893199920654297
      },
      "random": {
        "loss": 2.9768447875976562,
        "delta": 0.004689216613769531
      }
    },
    "128": {
      "svd": {
        "loss": 2.985067844390869,
        "delta": 0.012912273406982422
      },
      "random": {
        "loss": 2.972606897354126,
        "delta": 0.0004513263702392578
      }
    },
    "256": {
      "svd": {
        "loss": 2.984050989151001,
        "delta": 0.011895418167114258
      },
      "random": {
        "loss": 2.973053455352783,
        "delta": 0.0008978843688964844
      }
    },
    "512": {
      "svd": {
        "loss": 2.9864935874938965,
        "delta": 0.014338016510009766
      },
      "random": {
        "loss": 2.9725046157836914,
        "delta": 0.0003490447998046875
      }
    }
  },
  "k_independent": {
    "zero": {
      "loss": 2.9768364429473877,
      "delta": 0.0046808719635009766
    },
    "shuffle": {
      "loss": 2.984145164489746,
      "delta": 0.011989593505859375
    }
  },
  "baseline_loss": 2.9721555709838867
}