{
  "config": {
    "svd_dir": "/worxpace/repos/py/GaleMoE/svd_cache/float/w3/",
    "layer_idx": 11,
    "output_dir": "results_scale10/",
    "num_experts": 8,
    "model_id": "mistralai/Mixtral-8x7B-v0.1",
    "model_tag": "mistralai_Mixtral_8x7B_v0.1",
    "num_samples": 500,
    "seq_len": 64,
    "batch_size": 500,
    "seed": 42,
    "variations": [
      "svd",
      "random",
      "zero",
      "shuffle"
    ],
    "dataset": "wikitext",
    "text_file": null,
    "top_k": [
      1,
      2,
      4,
      8,
      16,
      32,
      64,
      128,
      256,
      512
    ],
    "quantization": null,
    "scale": 10.0
  },
  "by_k": {
    "1": {
      "svd": {
        "loss": 2.972006320953369,
        "delta": -0.00014925003051757812
      },
      "random": {
        "loss": 2.9720025062561035,
        "delta": -0.00015306472778320312
      }
    },
    "2": {
      "svd": {
        "loss": 2.9721286296844482,
        "delta": -2.6941299438476562e-05
      },
      "random": {
        "loss": 2.971066474914551,
        "delta": -0.0010890960693359375
      }
    },
    "4": {
      "svd": {
        "loss": 2.973614454269409,
        "delta": 0.001458883285522461
      },
      "random": {
        "loss": 2.9714009761810303,
        "delta": -0.0007545948028564453
      }
    },
    "8": {
      "svd": {
        "loss": 2.974576473236084,
        "delta": 0.0024209022521972656
      },
      "random": {
        "loss": 2.971705198287964,
        "delta": -0.00045037269592285156
      }
    },
    "16": {
      "svd": {
        "loss": 2.9730517864227295,
        "delta": 0.0008962154388427734
      },
      "random": {
        "loss": 2.9732377529144287,
        "delta": 0.0010821819305419922
      }
    },
    "32": {
      "svd": {
        "loss": 2.9779584407806396,
        "delta": 0.00580286979675293
      },
      "random": {
        "loss": 2.972590446472168,
        "delta": 0.00043487548828125
      }
    },
    "64": {
      "svd": {
        "loss": 2.9811432361602783,
        "delta": 0.008987665176391602
      },
      "random": {
        "loss": 2.9718902111053467,
        "delta": -0.00026535987854003906
      }
    },
    "128": {
      "svd": {
        "loss": 2.982311248779297,
        "delta": 0.010155677795410156
      },
      "random": {
        "loss": 2.9723055362701416,
        "delta": 0.0001499652862548828
      }
    },
    "256": {
      "svd": {
        "loss": 2.9845683574676514,
        "delta": 0.012412786483764648
      },
      "random": {
        "loss": 2.972242832183838,
        "delta": 8.726119995117188e-05
      }
    },
    "512": {
      "svd": {
        "loss": 2.984914779663086,
        "delta": 0.012759208679199219
      },
      "random": {
        "loss": 2.9720354080200195,
        "delta": -0.0001201629638671875
      }
    }
  },
  "k_independent": {
    "zero": {
      "loss": 2.976224899291992,
      "delta": 0.004069328308105469
    },
    "shuffle": {
      "loss": 2.978315830230713,
      "delta": 0.006160259246826172
    }
  },
  "baseline_loss": 2.9721555709838867
}