{
  "config": {
    "svd_dir": "/worxpace/repos/py/GaleMoE/svd_cache/float/w3/",
    "layer_idx": 18,
    "output_dir": "results_scale10/",
    "num_experts": 8,
    "model_id": "mistralai/Mixtral-8x7B-v0.1",
    "model_tag": "mistralai_Mixtral_8x7B_v0.1",
    "num_samples": 500,
    "seq_len": 64,
    "batch_size": 500,
    "seed": 42,
    "variations": [
      "svd",
      "random",
      "zero",
      "shuffle"
    ],
    "dataset": "wikitext",
    "text_file": null,
    "top_k": [
      1,
      2,
      4,
      8,
      16,
      32,
      64,
      128,
      256,
      512
    ],
    "quantization": null,
    "scale": 10.0
  },
  "by_k": {
    "1": {
      "svd": {
        "loss": 2.998101234436035,
        "delta": 0.025945663452148438
      },
      "random": {
        "loss": 2.998101234436035,
        "delta": 0.025945663452148438
      }
    },
    "2": {
      "svd": {
        "loss": 3.0035736560821533,
        "delta": 0.0314180850982666
      },
      "random": {
        "loss": 2.9905357360839844,
        "delta": 0.018380165100097656
      }
    },
    "4": {
      "svd": {
        "loss": 3.0002715587615967,
        "delta": 0.02811598777770996
      },
      "random": {
        "loss": 2.987637758255005,
        "delta": 0.015482187271118164
      }
    },
    "8": {
      "svd": {
        "loss": 3.000002861022949,
        "delta": 0.0278472900390625
      },
      "random": {
        "loss": 2.9820849895477295,
        "delta": 0.009929418563842773
      }
    },
    "16": {
      "svd": {
        "loss": 3.002436637878418,
        "delta": 0.03028106689453125
      },
      "random": {
        "loss": 2.9748711585998535,
        "delta": 0.002715587615966797
      }
    },
    "32": {
      "svd": {
        "loss": 3.0019421577453613,
        "delta": 0.02978658676147461
      },
      "random": {
        "loss": 2.972944974899292,
        "delta": 0.0007894039154052734
      }
    },
    "64": {
      "svd": {
        "loss": 3.0027828216552734,
        "delta": 0.03062725067138672
      },
      "random": {
        "loss": 2.9724507331848145,
        "delta": 0.0002951622009277344
      }
    },
    "128": {
      "svd": {
        "loss": 3.0017731189727783,
        "delta": 0.0296175479888916
      },
      "random": {
        "loss": 2.9724395275115967,
        "delta": 0.00028395652770996094
      }
    },
    "256": {
      "svd": {
        "loss": 3.0030088424682617,
        "delta": 0.030853271484375
      },
      "random": {
        "loss": 2.972698211669922,
        "delta": 0.0005426406860351562
      }
    },
    "512": {
      "svd": {
        "loss": 3.0038890838623047,
        "delta": 0.03173351287841797
      },
      "random": {
        "loss": 2.9726016521453857,
        "delta": 0.00044608116149902344
      }
    }
  },
  "k_independent": {
    "zero": {
      "loss": 2.9984281063079834,
      "delta": 0.02627253532409668
    },
    "shuffle": {
      "loss": 2.9972851276397705,
      "delta": 0.02512955665588379
    }
  },
  "baseline_loss": 2.9721555709838867
}