{
  "config": {
    "svd_dir": "/worxpace/repos/py/GaleMoE/svd_cache/float/w3/",
    "layer_idx": 1,
    "output_dir": "results_scale10/",
    "num_experts": 8,
    "model_id": "mistralai/Mixtral-8x7B-v0.1",
    "model_tag": "mistralai_Mixtral_8x7B_v0.1",
    "num_samples": 500,
    "seq_len": 64,
    "batch_size": 500,
    "seed": 42,
    "variations": [
      "svd",
      "random",
      "zero",
      "shuffle"
    ],
    "dataset": "wikitext",
    "text_file": null,
    "top_k": [
      1,
      2,
      4,
      8,
      16,
      32,
      64,
      128,
      256,
      512
    ],
    "quantization": null,
    "scale": 10.0
  },
  "by_k": {
    "1": {
      "svd": {
        "loss": 7.1812214851379395,
        "delta": 4.209065914154053
      },
      "random": {
        "loss": 7.180697441101074,
        "delta": 4.2085418701171875
      }
    },
    "2": {
      "svd": {
        "loss": 7.7006988525390625,
        "delta": 4.728543281555176
      },
      "random": {
        "loss": 4.7713623046875,
        "delta": 1.7992067337036133
      }
    },
    "4": {
      "svd": {
        "loss": 7.545855522155762,
        "delta": 4.573699951171875
      },
      "random": {
        "loss": 4.101126670837402,
        "delta": 1.1289710998535156
      }
    },
    "8": {
      "svd": {
        "loss": 7.234310626983643,
        "delta": 4.262155055999756
      },
      "random": {
        "loss": 4.7908101081848145,
        "delta": 1.8186545372009277
      }
    },
    "16": {
      "svd": {
        "loss": 7.372283935546875,
        "delta": 4.400128364562988
      },
      "random": {
        "loss": 3.7146270275115967,
        "delta": 0.74247145652771
      }
    },
    "32": {
      "svd": {
        "loss": 7.6449384689331055,
        "delta": 4.672782897949219
      },
      "random": {
        "loss": 6.369376182556152,
        "delta": 3.3972206115722656
      }
    },
    "64": {
      "svd": {
        "loss": 7.3760666847229,
        "delta": 4.403911113739014
      },
      "random": {
        "loss": 3.3647382259368896,
        "delta": 0.39258265495300293
      }
    },
    "128": {
      "svd": {
        "loss": 4.268064975738525,
        "delta": 1.2959094047546387
      },
      "random": {
        "loss": 3.3420374393463135,
        "delta": 0.36988186836242676
      }
    },
    "256": {
      "svd": {
        "loss": 8.021462440490723,
        "delta": 5.049306869506836
      },
      "random": {
        "loss": 2.977048873901367,
        "delta": 0.004893302917480469
      }
    },
    "512": {
      "svd": {
        "loss": 4.539870738983154,
        "delta": 1.5677151679992676
      },
      "random": {
        "loss": 2.9708168506622314,
        "delta": -0.0013387203216552734
      }
    }
  },
  "k_independent": {
    "zero": {
      "loss": 3.9689934253692627,
      "delta": 0.996837854385376
    },
    "shuffle": {
      "loss": 3.9550087451934814,
      "delta": 0.9828531742095947
    }
  },
  "baseline_loss": 2.9721555709838867
}