{
  "config": {
    "svd_dir": "/worxpace/repos/py/GaleMoE/svd_cache/float/w3/",
    "layer_idx": 20,
    "output_dir": "results_scale10/",
    "num_experts": 8,
    "model_id": "mistralai/Mixtral-8x7B-v0.1",
    "model_tag": "mistralai_Mixtral_8x7B_v0.1",
    "num_samples": 500,
    "seq_len": 64,
    "batch_size": 500,
    "seed": 42,
    "variations": [
      "svd",
      "random",
      "zero",
      "shuffle"
    ],
    "dataset": "wikitext",
    "text_file": null,
    "top_k": [
      1,
      2,
      4,
      8,
      16,
      32,
      64,
      128,
      256,
      512
    ],
    "quantization": null,
    "scale": 10.0
  },
  "by_k": {
    "1": {
      "svd": {
        "loss": 2.99607515335083,
        "delta": 0.02391958236694336
      },
      "random": {
        "loss": 2.99607515335083,
        "delta": 0.02391958236694336
      }
    },
    "2": {
      "svd": {
        "loss": 2.9996681213378906,
        "delta": 0.027512550354003906
      },
      "random": {
        "loss": 2.988290548324585,
        "delta": 0.016134977340698242
      }
    },
    "4": {
      "svd": {
        "loss": 2.9996659755706787,
        "delta": 0.027510404586791992
      },
      "random": {
        "loss": 2.9890873432159424,
        "delta": 0.016931772232055664
      }
    },
    "8": {
      "svd": {
        "loss": 3.001089572906494,
        "delta": 0.028934001922607422
      },
      "random": {
        "loss": 2.980924606323242,
        "delta": 0.008769035339355469
      }
    },
    "16": {
      "svd": {
        "loss": 2.9998538494110107,
        "delta": 0.027698278427124023
      },
      "random": {
        "loss": 2.982433319091797,
        "delta": 0.010277748107910156
      }
    },
    "32": {
      "svd": {
        "loss": 3.0012705326080322,
        "delta": 0.029114961624145508
      },
      "random": {
        "loss": 2.97772216796875,
        "delta": 0.005566596984863281
      }
    },
    "64": {
      "svd": {
        "loss": 3.001594305038452,
        "delta": 0.02943873405456543
      },
      "random": {
        "loss": 2.973961591720581,
        "delta": 0.001806020736694336
      }
    },
    "128": {
      "svd": {
        "loss": 3.0019237995147705,
        "delta": 0.02976822853088379
      },
      "random": {
        "loss": 2.973081350326538,
        "delta": 0.0009257793426513672
      }
    },
    "256": {
      "svd": {
        "loss": 3.003530502319336,
        "delta": 0.03137493133544922
      },
      "random": {
        "loss": 2.972686767578125,
        "delta": 0.0005311965942382812
      }
    },
    "512": {
      "svd": {
        "loss": 3.0037448406219482,
        "delta": 0.03158926963806152
      },
      "random": {
        "loss": 2.9727916717529297,
        "delta": 0.0006361007690429688
      }
    }
  },
  "k_independent": {
    "zero": {
      "loss": 2.9909508228302,
      "delta": 0.018795251846313477
    },
    "shuffle": {
      "loss": 2.9966726303100586,
      "delta": 0.024517059326171875
    }
  },
  "baseline_loss": 2.9721555709838867
}