{
  "config": {
    "svd_dir": "/worxpace/repos/py/GaleMoE/svd_cache/float/w3/",
    "layer_idx": 15,
    "output_dir": "results_scale10/",
    "num_experts": 8,
    "model_id": "mistralai/Mixtral-8x7B-v0.1",
    "model_tag": "mistralai_Mixtral_8x7B_v0.1",
    "num_samples": 500,
    "seq_len": 64,
    "batch_size": 500,
    "seed": 42,
    "variations": [
      "svd",
      "random",
      "zero",
      "shuffle"
    ],
    "dataset": "wikitext",
    "text_file": null,
    "top_k": [
      1,
      2,
      4,
      8,
      16,
      32,
      64,
      128,
      256,
      512
    ],
    "quantization": null,
    "scale": 10.0
  },
  "by_k": {
    "1": {
      "svd": {
        "loss": 2.971721649169922,
        "delta": -0.00043392181396484375
      },
      "random": {
        "loss": 2.971679925918579,
        "delta": -0.0004756450653076172
      }
    },
    "2": {
      "svd": {
        "loss": 2.9746885299682617,
        "delta": 0.002532958984375
      },
      "random": {
        "loss": 2.9731404781341553,
        "delta": 0.0009849071502685547
      }
    },
    "4": {
      "svd": {
        "loss": 2.980332612991333,
        "delta": 0.008177042007446289
      },
      "random": {
        "loss": 2.97224760055542,
        "delta": 9.202957153320312e-05
      }
    },
    "8": {
      "svd": {
        "loss": 2.9812028408050537,
        "delta": 0.009047269821166992
      },
      "random": {
        "loss": 2.9732608795166016,
        "delta": 0.0011053085327148438
      }
    },
    "16": {
      "svd": {
        "loss": 2.9823684692382812,
        "delta": 0.010212898254394531
      },
      "random": {
        "loss": 2.9725396633148193,
        "delta": 0.0003840923309326172
      }
    },
    "32": {
      "svd": {
        "loss": 2.9832723140716553,
        "delta": 0.011116743087768555
      },
      "random": {
        "loss": 2.971710205078125,
        "delta": -0.00044536590576171875
      }
    },
    "64": {
      "svd": {
        "loss": 2.9840023517608643,
        "delta": 0.011846780776977539
      },
      "random": {
        "loss": 2.97263503074646,
        "delta": 0.0004794597625732422
      }
    },
    "128": {
      "svd": {
        "loss": 2.983551502227783,
        "delta": 0.011395931243896484
      },
      "random": {
        "loss": 2.972231388092041,
        "delta": 7.581710815429688e-05
      }
    },
    "256": {
      "svd": {
        "loss": 2.986361503601074,
        "delta": 0.0142059326171875
      },
      "random": {
        "loss": 2.972374439239502,
        "delta": 0.00021886825561523438
      }
    },
    "512": {
      "svd": {
        "loss": 2.9863061904907227,
        "delta": 0.014150619506835938
      },
      "random": {
        "loss": 2.9721519947052,
        "delta": -3.5762786865234375e-06
      }
    }
  },
  "k_independent": {
    "zero": {
      "loss": 2.979764223098755,
      "delta": 0.007608652114868164
    },
    "shuffle": {
      "loss": 2.9822285175323486,
      "delta": 0.010072946548461914
    }
  },
  "baseline_loss": 2.9721555709838867
}