{
  "config": {
    "svd_dir": "/worxpace/repos/py/GaleMoE/svd_cache/float/w3/",
    "layer_idx": 16,
    "output_dir": "results_scale10/",
    "num_experts": 8,
    "model_id": "mistralai/Mixtral-8x7B-v0.1",
    "model_tag": "mistralai_Mixtral_8x7B_v0.1",
    "num_samples": 500,
    "seq_len": 64,
    "batch_size": 500,
    "seed": 42,
    "variations": [
      "svd",
      "random",
      "zero",
      "shuffle"
    ],
    "dataset": "wikitext",
    "text_file": null,
    "top_k": [
      1,
      2,
      4,
      8,
      16,
      32,
      64,
      128,
      256,
      512
    ],
    "quantization": null,
    "scale": 10.0
  },
  "by_k": {
    "1": {
      "svd": {
        "loss": 2.977762222290039,
        "delta": 0.005606651306152344
      },
      "random": {
        "loss": 2.977762222290039,
        "delta": 0.005606651306152344
      }
    },
    "2": {
      "svd": {
        "loss": 2.9819436073303223,
        "delta": 0.009788036346435547
      },
      "random": {
        "loss": 2.9764440059661865,
        "delta": 0.004288434982299805
      }
    },
    "4": {
      "svd": {
        "loss": 2.9841363430023193,
        "delta": 0.011980772018432617
      },
      "random": {
        "loss": 2.9752070903778076,
        "delta": 0.0030515193939208984
      }
    },
    "8": {
      "svd": {
        "loss": 2.984652280807495,
        "delta": 0.012496709823608398
      },
      "random": {
        "loss": 2.977029323577881,
        "delta": 0.004873752593994141
      }
    },
    "16": {
      "svd": {
        "loss": 2.9852230548858643,
        "delta": 0.013067483901977539
      },
      "random": {
        "loss": 2.9746346473693848,
        "delta": 0.002479076385498047
      }
    },
    "32": {
      "svd": {
        "loss": 2.98625111579895,
        "delta": 0.014095544815063477
      },
      "random": {
        "loss": 2.974433422088623,
        "delta": 0.002277851104736328
      }
    },
    "64": {
      "svd": {
        "loss": 2.9884228706359863,
        "delta": 0.01626729965209961
      },
      "random": {
        "loss": 2.9723005294799805,
        "delta": 0.00014495849609375
      }
    },
    "128": {
      "svd": {
        "loss": 2.990966320037842,
        "delta": 0.018810749053955078
      },
      "random": {
        "loss": 2.973958969116211,
        "delta": 0.0018033981323242188
      }
    },
    "256": {
      "svd": {
        "loss": 2.992945909500122,
        "delta": 0.02079033851623535
      },
      "random": {
        "loss": 2.9727768898010254,
        "delta": 0.0006213188171386719
      }
    },
    "512": {
      "svd": {
        "loss": 2.9928159713745117,
        "delta": 0.020660400390625
      },
      "random": {
        "loss": 2.9725568294525146,
        "delta": 0.0004012584686279297
      }
    }
  },
  "k_independent": {
    "zero": {
      "loss": 2.9845292568206787,
      "delta": 0.012373685836791992
    },
    "shuffle": {
      "loss": 2.9874274730682373,
      "delta": 0.015271902084350586
    }
  },
  "baseline_loss": 2.9721555709838867
}