{
  "config": {
    "svd_dir": "/worxpace/repos/py/GaleMoE/svd_cache/float/w3/",
    "layer_idx": 29,
    "output_dir": "results_scale10/",
    "num_experts": 8,
    "model_id": "mistralai/Mixtral-8x7B-v0.1",
    "model_tag": "mistralai_Mixtral_8x7B_v0.1",
    "num_samples": 500,
    "seq_len": 64,
    "batch_size": 500,
    "seed": 42,
    "variations": [
      "svd",
      "random",
      "zero",
      "shuffle"
    ],
    "dataset": "wikitext",
    "text_file": null,
    "top_k": [
      1,
      2,
      4,
      8,
      16,
      32,
      64,
      128,
      256,
      512
    ],
    "quantization": null,
    "scale": 10.0
  },
  "by_k": {
    "1": {
      "svd": {
        "loss": 3.0356013774871826,
        "delta": 0.0634458065032959
      },
      "random": {
        "loss": 3.0356218814849854,
        "delta": 0.06346631050109863
      }
    },
    "2": {
      "svd": {
        "loss": 3.035689353942871,
        "delta": 0.06353378295898438
      },
      "random": {
        "loss": 3.0315628051757812,
        "delta": 0.05940723419189453
      }
    },
    "4": {
      "svd": {
        "loss": 3.0271565914154053,
        "delta": 0.055001020431518555
      },
      "random": {
        "loss": 3.0366017818450928,
        "delta": 0.06444621086120605
      }
    },
    "8": {
      "svd": {
        "loss": 3.020742893218994,
        "delta": 0.04858732223510742
      },
      "random": {
        "loss": 3.0360186100006104,
        "delta": 0.06386303901672363
      }
    },
    "16": {
      "svd": {
        "loss": 3.0349512100219727,
        "delta": 0.06279563903808594
      },
      "random": {
        "loss": 3.0367867946624756,
        "delta": 0.06463122367858887
      }
    },
    "32": {
      "svd": {
        "loss": 3.037506103515625,
        "delta": 0.06535053253173828
      },
      "random": {
        "loss": 2.9956603050231934,
        "delta": 0.02350473403930664
      }
    },
    "64": {
      "svd": {
        "loss": 3.0383408069610596,
        "delta": 0.06618523597717285
      },
      "random": {
        "loss": 2.980027198791504,
        "delta": 0.007871627807617188
      }
    },
    "128": {
      "svd": {
        "loss": 3.039228916168213,
        "delta": 0.06707334518432617
      },
      "random": {
        "loss": 2.9758265018463135,
        "delta": 0.003670930862426758
      }
    },
    "256": {
      "svd": {
        "loss": 3.0412545204162598,
        "delta": 0.06909894943237305
      },
      "random": {
        "loss": 2.9735710620880127,
        "delta": 0.0014154911041259766
      }
    },
    "512": {
      "svd": {
        "loss": 3.041933536529541,
        "delta": 0.0697779655456543
      },
      "random": {
        "loss": 2.972687005996704,
        "delta": 0.0005314350128173828
      }
    }
  },
  "k_independent": {
    "zero": {
      "loss": 3.014685869216919,
      "delta": 0.04253029823303223
    },
    "shuffle": {
      "loss": 3.02539324760437,
      "delta": 0.0532376766204834
    }
  },
  "baseline_loss": 2.9721555709838867
}