{
  "config": {
    "svd_dir": "/worxpace/repos/py/GaleMoE/svd_cache/",
    "layer_idx": 8,
    "output_dir": "results_scale10_w1/",
    "num_experts": 8,
    "model_id": "mistralai/Mixtral-8x7B-v0.1",
    "model_tag": "mistralai_Mixtral_8x7B_v0.1",
    "num_samples": 500,
    "seq_len": 64,
    "batch_size": 500,
    "seed": 42,
    "variations": [
      "svd",
      "random",
      "zero",
      "shuffle"
    ],
    "dataset": "wikitext",
    "text_file": null,
    "top_k": [
      1,
      2,
      4,
      8,
      16,
      32,
      64,
      128,
      256,
      512
    ],
    "quantization": null,
    "scale": 10.0
  },
  "by_k": {
    "1": {
      "svd": {
        "loss": 2.9879558086395264,
        "delta": 0.01580023765563965
      },
      "random": {
        "loss": 2.9879558086395264,
        "delta": 0.01580023765563965
      }
    },
    "2": {
      "svd": {
        "loss": 2.988720417022705,
        "delta": 0.01656484603881836
      },
      "random": {
        "loss": 2.9854278564453125,
        "delta": 0.013272285461425781
      }
    },
    "4": {
      "svd": {
        "loss": 2.99051570892334,
        "delta": 0.018360137939453125
      },
      "random": {
        "loss": 2.9851908683776855,
        "delta": 0.013035297393798828
      }
    },
    "8": {
      "svd": {
        "loss": 2.994997501373291,
        "delta": 0.022841930389404297
      },
      "random": {
        "loss": 2.979179620742798,
        "delta": 0.007024049758911133
      }
    },
    "16": {
      "svd": {
        "loss": 2.9953417778015137,
        "delta": 0.023186206817626953
      },
      "random": {
        "loss": 2.976675510406494,
        "delta": 0.004519939422607422
      }
    },
    "32": {
      "svd": {
        "loss": 2.9974842071533203,
        "delta": 0.025328636169433594
      },
      "random": {
        "loss": 2.9753470420837402,
        "delta": 0.0031914710998535156
      }
    },
    "64": {
      "svd": {
        "loss": 2.9993457794189453,
        "delta": 0.027190208435058594
      },
      "random": {
        "loss": 2.9738566875457764,
        "delta": 0.0017011165618896484
      }
    },
    "128": {
      "svd": {
        "loss": 2.99977445602417,
        "delta": 0.027618885040283203
      },
      "random": {
        "loss": 2.9732842445373535,
        "delta": 0.0011286735534667969
      }
    },
    "256": {
      "svd": {
        "loss": 3.001688003540039,
        "delta": 0.029532432556152344
      },
      "random": {
        "loss": 2.9726243019104004,
        "delta": 0.0004687309265136719
      }
    },
    "512": {
      "svd": {
        "loss": 3.0034430027008057,
        "delta": 0.031287431716918945
      },
      "random": {
        "loss": 2.9729673862457275,
        "delta": 0.0008118152618408203
      }
    }
  },
  "k_independent": {
    "zero": {
      "loss": 2.9887044429779053,
      "delta": 0.016548871994018555
    },
    "shuffle": {
      "loss": 2.995089530944824,
      "delta": 0.0229339599609375
    }
  },
  "baseline_loss": 2.9721555709838867
}