{
  "config": {
    "svd_dir": "/worxpace/repos/py/GaleMoE/svd_cache/",
    "layer_idx": 6,
    "output_dir": "results_scale10_w1/",
    "num_experts": 8,
    "model_id": "mistralai/Mixtral-8x7B-v0.1",
    "model_tag": "mistralai_Mixtral_8x7B_v0.1",
    "num_samples": 500,
    "seq_len": 64,
    "batch_size": 500,
    "seed": 42,
    "variations": [
      "svd",
      "random",
      "zero",
      "shuffle"
    ],
    "dataset": "wikitext",
    "text_file": null,
    "top_k": [
      1,
      2,
      4,
      8,
      16,
      32,
      64,
      128,
      256,
      512
    ],
    "quantization": null,
    "scale": 10.0
  },
  "by_k": {
    "1": {
      "svd": {
        "loss": 2.9828240871429443,
        "delta": 0.010668516159057617
      },
      "random": {
        "loss": 2.9828684329986572,
        "delta": 0.010712862014770508
      }
    },
    "2": {
      "svd": {
        "loss": 2.985565662384033,
        "delta": 0.013410091400146484
      },
      "random": {
        "loss": 2.992032527923584,
        "delta": 0.019876956939697266
      }
    },
    "4": {
      "svd": {
        "loss": 2.986325740814209,
        "delta": 0.014170169830322266
      },
      "random": {
        "loss": 2.9890620708465576,
        "delta": 0.0169064998626709
      }
    },
    "8": {
      "svd": {
        "loss": 2.987938165664673,
        "delta": 0.015782594680786133
      },
      "random": {
        "loss": 2.9803812503814697,
        "delta": 0.008225679397583008
      }
    },
    "16": {
      "svd": {
        "loss": 2.9921419620513916,
        "delta": 0.019986391067504883
      },
      "random": {
        "loss": 2.979189395904541,
        "delta": 0.007033824920654297
      }
    },
    "32": {
      "svd": {
        "loss": 2.9932360649108887,
        "delta": 0.021080493927001953
      },
      "random": {
        "loss": 2.9749221801757812,
        "delta": 0.0027666091918945312
      }
    },
    "64": {
      "svd": {
        "loss": 2.997697353363037,
        "delta": 0.02554178237915039
      },
      "random": {
        "loss": 2.972555160522461,
        "delta": 0.00039958953857421875
      }
    },
    "128": {
      "svd": {
        "loss": 2.997102975845337,
        "delta": 0.024947404861450195
      },
      "random": {
        "loss": 2.9707577228546143,
        "delta": -0.001397848129272461
      }
    },
    "256": {
      "svd": {
        "loss": 2.9995787143707275,
        "delta": 0.02742314338684082
      },
      "random": {
        "loss": 2.971999168395996,
        "delta": -0.000156402587890625
      }
    },
    "512": {
      "svd": {
        "loss": 3.0004305839538574,
        "delta": 0.028275012969970703
      },
      "random": {
        "loss": 2.971611738204956,
        "delta": -0.0005438327789306641
      }
    }
  },
  "k_independent": {
    "zero": {
      "loss": 2.983191728591919,
      "delta": 0.011036157608032227
    },
    "shuffle": {
      "loss": 2.990178108215332,
      "delta": 0.018022537231445312
    }
  },
  "baseline_loss": 2.9721555709838867
}