{
  "config": {
    "svd_dir": "/worxpace/repos/py/GaleMoE/svd_cache/",
    "layer_idx": 31,
    "output_dir": "results_scale10_w1/",
    "num_experts": 8,
    "model_id": "mistralai/Mixtral-8x7B-v0.1",
    "model_tag": "mistralai_Mixtral_8x7B_v0.1",
    "num_samples": 500,
    "seq_len": 64,
    "batch_size": 500,
    "seed": 42,
    "variations": [
      "svd",
      "random",
      "zero",
      "shuffle"
    ],
    "dataset": "wikitext",
    "text_file": null,
    "top_k": [
      1,
      2,
      4,
      8,
      16,
      32,
      64,
      128,
      256,
      512
    ],
    "quantization": null,
    "scale": 10.0
  },
  "by_k": {
    "1": {
      "svd": {
        "loss": 3.0282061100006104,
        "delta": 0.05605053901672363
      },
      "random": {
        "loss": 3.0282061100006104,
        "delta": 0.05605053901672363
      }
    },
    "2": {
      "svd": {
        "loss": 3.0494868755340576,
        "delta": 0.0773313045501709
      },
      "random": {
        "loss": 3.02358341217041,
        "delta": 0.05142784118652344
      }
    },
    "4": {
      "svd": {
        "loss": 3.0260071754455566,
        "delta": 0.05385160446166992
      },
      "random": {
        "loss": 3.025137424468994,
        "delta": 0.05298185348510742
      }
    },
    "8": {
      "svd": {
        "loss": 3.034538507461548,
        "delta": 0.06238293647766113
      },
      "random": {
        "loss": 3.0087499618530273,
        "delta": 0.036594390869140625
      }
    },
    "16": {
      "svd": {
        "loss": 3.043508768081665,
        "delta": 0.07135319709777832
      },
      "random": {
        "loss": 3.023310661315918,
        "delta": 0.05115509033203125
      }
    },
    "32": {
      "svd": {
        "loss": 3.0539557933807373,
        "delta": 0.08180022239685059
      },
      "random": {
        "loss": 2.9846298694610596,
        "delta": 0.012474298477172852
      }
    },
    "64": {
      "svd": {
        "loss": 3.0516648292541504,
        "delta": 0.07950925827026367
      },
      "random": {
        "loss": 2.9725465774536133,
        "delta": 0.0003910064697265625
      }
    },
    "128": {
      "svd": {
        "loss": 3.0506551265716553,
        "delta": 0.07849955558776855
      },
      "random": {
        "loss": 2.9743452072143555,
        "delta": 0.00218963623046875
      }
    },
    "256": {
      "svd": {
        "loss": 3.049433708190918,
        "delta": 0.07727813720703125
      },
      "random": {
        "loss": 2.973477602005005,
        "delta": 0.001322031021118164
      }
    },
    "512": {
      "svd": {
        "loss": 3.04440975189209,
        "delta": 0.07225418090820312
      },
      "random": {
        "loss": 2.972543716430664,
        "delta": 0.00038814544677734375
      }
    }
  },
  "k_independent": {
    "zero": {
      "loss": 3.0036933422088623,
      "delta": 0.031537771224975586
    },
    "shuffle": {
      "loss": 2.9838614463806152,
      "delta": 0.011705875396728516
    }
  },
  "baseline_loss": 2.9721555709838867
}