{
  "config": {
    "svd_dir": "/worxpace/repos/py/GaleMoE/svd_cache/",
    "layer_idx": 9,
    "output_dir": "results_scale10_w1/",
    "num_experts": 8,
    "model_id": "mistralai/Mixtral-8x7B-v0.1",
    "model_tag": "mistralai_Mixtral_8x7B_v0.1",
    "num_samples": 500,
    "seq_len": 64,
    "batch_size": 500,
    "seed": 42,
    "variations": [
      "svd",
      "random",
      "zero",
      "shuffle"
    ],
    "dataset": "wikitext",
    "text_file": null,
    "top_k": [
      1,
      2,
      4,
      8,
      16,
      32,
      64,
      128,
      256,
      512
    ],
    "quantization": null,
    "scale": 10.0
  },
  "by_k": {
    "1": {
      "svd": {
        "loss": 2.982820510864258,
        "delta": 0.010664939880371094
      },
      "random": {
        "loss": 2.982839345932007,
        "delta": 0.010683774948120117
      }
    },
    "2": {
      "svd": {
        "loss": 2.98274564743042,
        "delta": 0.010590076446533203
      },
      "random": {
        "loss": 2.9866983890533447,
        "delta": 0.014542818069458008
      }
    },
    "4": {
      "svd": {
        "loss": 2.987314224243164,
        "delta": 0.015158653259277344
      },
      "random": {
        "loss": 2.983708381652832,
        "delta": 0.011552810668945312
      }
    },
    "8": {
      "svd": {
        "loss": 2.986525297164917,
        "delta": 0.014369726181030273
      },
      "random": {
        "loss": 2.984436511993408,
        "delta": 0.012280941009521484
      }
    },
    "16": {
      "svd": {
        "loss": 2.987593412399292,
        "delta": 0.015437841415405273
      },
      "random": {
        "loss": 2.9744715690612793,
        "delta": 0.002315998077392578
      }
    },
    "32": {
      "svd": {
        "loss": 2.981020450592041,
        "delta": 0.008864879608154297
      },
      "random": {
        "loss": 2.9756174087524414,
        "delta": 0.0034618377685546875
      }
    },
    "64": {
      "svd": {
        "loss": 2.983682632446289,
        "delta": 0.011527061462402344
      },
      "random": {
        "loss": 2.9743752479553223,
        "delta": 0.002219676971435547
      }
    },
    "128": {
      "svd": {
        "loss": 2.9840831756591797,
        "delta": 0.011927604675292969
      },
      "random": {
        "loss": 2.973628520965576,
        "delta": 0.0014729499816894531
      }
    },
    "256": {
      "svd": {
        "loss": 2.985499143600464,
        "delta": 0.013343572616577148
      },
      "random": {
        "loss": 2.9725286960601807,
        "delta": 0.0003731250762939453
      }
    },
    "512": {
      "svd": {
        "loss": 2.9844794273376465,
        "delta": 0.012323856353759766
      },
      "random": {
        "loss": 2.9721922874450684,
        "delta": 3.6716461181640625e-05
      }
    }
  },
  "k_independent": {
    "zero": {
      "loss": 2.976902484893799,
      "delta": 0.004746913909912109
    },
    "shuffle": {
      "loss": 2.976421356201172,
      "delta": 0.004265785217285156
    }
  },
  "baseline_loss": 2.9721555709838867
}