{
  "config": {
    "svd_dir": "/worxpace/repos/py/GaleMoE/svd_cache/",
    "layer_idx": 26,
    "output_dir": "results_scale10_w1/",
    "num_experts": 8,
    "model_id": "mistralai/Mixtral-8x7B-v0.1",
    "model_tag": "mistralai_Mixtral_8x7B_v0.1",
    "num_samples": 500,
    "seq_len": 64,
    "batch_size": 500,
    "seed": 42,
    "variations": [
      "svd",
      "random",
      "zero",
      "shuffle"
    ],
    "dataset": "wikitext",
    "text_file": null,
    "top_k": [
      1,
      2,
      4,
      8,
      16,
      32,
      64,
      128,
      256,
      512
    ],
    "quantization": null,
    "scale": 10.0
  },
  "by_k": {
    "1": {
      "svd": {
        "loss": 3.0110790729522705,
        "delta": 0.03892350196838379
      },
      "random": {
        "loss": 3.0110790729522705,
        "delta": 0.03892350196838379
      }
    },
    "2": {
      "svd": {
        "loss": 3.006667137145996,
        "delta": 0.034511566162109375
      },
      "random": {
        "loss": 2.9980697631835938,
        "delta": 0.02591419219970703
      }
    },
    "4": {
      "svd": {
        "loss": 3.004953145980835,
        "delta": 0.03279757499694824
      },
      "random": {
        "loss": 3.0000159740448,
        "delta": 0.027860403060913086
      }
    },
    "8": {
      "svd": {
        "loss": 3.004920244216919,
        "delta": 0.03276467323303223
      },
      "random": {
        "loss": 2.9997522830963135,
        "delta": 0.027596712112426758
      }
    },
    "16": {
      "svd": {
        "loss": 3.0039751529693604,
        "delta": 0.03181958198547363
      },
      "random": {
        "loss": 2.9963483810424805,
        "delta": 0.02419281005859375
      }
    },
    "32": {
      "svd": {
        "loss": 3.004875421524048,
        "delta": 0.03271985054016113
      },
      "random": {
        "loss": 2.9915664196014404,
        "delta": 0.01941084861755371
      }
    },
    "64": {
      "svd": {
        "loss": 3.005382537841797,
        "delta": 0.033226966857910156
      },
      "random": {
        "loss": 2.9857187271118164,
        "delta": 0.013563156127929688
      }
    },
    "128": {
      "svd": {
        "loss": 3.0048909187316895,
        "delta": 0.032735347747802734
      },
      "random": {
        "loss": 2.9775922298431396,
        "delta": 0.00543665885925293
      }
    },
    "256": {
      "svd": {
        "loss": 3.0054500102996826,
        "delta": 0.0332944393157959
      },
      "random": {
        "loss": 2.9725685119628906,
        "delta": 0.00041294097900390625
      }
    },
    "512": {
      "svd": {
        "loss": 3.00539231300354,
        "delta": 0.03323674201965332
      },
      "random": {
        "loss": 2.9729318618774414,
        "delta": 0.0007762908935546875
      }
    }
  },
  "k_independent": {
    "zero": {
      "loss": 2.9902188777923584,
      "delta": 0.01806330680847168
    },
    "shuffle": {
      "loss": 2.9978902339935303,
      "delta": 0.025734663009643555
    }
  },
  "baseline_loss": 2.9721555709838867
}