{
  "config": {
    "svd_dir": "/worxpace/repos/py/GaleMoE/svd_cache/",
    "layer_idx": 27,
    "output_dir": "results_scale10_w1/",
    "num_experts": 8,
    "model_id": "mistralai/Mixtral-8x7B-v0.1",
    "model_tag": "mistralai_Mixtral_8x7B_v0.1",
    "num_samples": 500,
    "seq_len": 64,
    "batch_size": 500,
    "seed": 42,
    "variations": [
      "svd",
      "random",
      "zero",
      "shuffle"
    ],
    "dataset": "wikitext",
    "text_file": null,
    "top_k": [
      1,
      2,
      4,
      8,
      16,
      32,
      64,
      128,
      256,
      512
    ],
    "quantization": null,
    "scale": 10.0
  },
  "by_k": {
    "1": {
      "svd": {
        "loss": 3.0056920051574707,
        "delta": 0.033536434173583984
      },
      "random": {
        "loss": 3.005687952041626,
        "delta": 0.03353238105773926
      }
    },
    "2": {
      "svd": {
        "loss": 3.0089282989501953,
        "delta": 0.036772727966308594
      },
      "random": {
        "loss": 3.00860595703125,
        "delta": 0.03645038604736328
      }
    },
    "4": {
      "svd": {
        "loss": 3.0100514888763428,
        "delta": 0.037895917892456055
      },
      "random": {
        "loss": 3.0090343952178955,
        "delta": 0.03687882423400879
      }
    },
    "8": {
      "svd": {
        "loss": 3.010420799255371,
        "delta": 0.038265228271484375
      },
      "random": {
        "loss": 3.0052335262298584,
        "delta": 0.03307795524597168
      }
    },
    "16": {
      "svd": {
        "loss": 3.011780261993408,
        "delta": 0.039624691009521484
      },
      "random": {
        "loss": 3.0065391063690186,
        "delta": 0.034383535385131836
      }
    },
    "32": {
      "svd": {
        "loss": 3.010638475418091,
        "delta": 0.0384829044342041
      },
      "random": {
        "loss": 2.996885061264038,
        "delta": 0.024729490280151367
      }
    },
    "64": {
      "svd": {
        "loss": 3.0134668350219727,
        "delta": 0.04131126403808594
      },
      "random": {
        "loss": 2.985447645187378,
        "delta": 0.013292074203491211
      }
    },
    "128": {
      "svd": {
        "loss": 3.014153003692627,
        "delta": 0.041997432708740234
      },
      "random": {
        "loss": 2.9792871475219727,
        "delta": 0.0071315765380859375
      }
    },
    "256": {
      "svd": {
        "loss": 3.013461112976074,
        "delta": 0.0413055419921875
      },
      "random": {
        "loss": 2.9747121334075928,
        "delta": 0.0025565624237060547
      }
    },
    "512": {
      "svd": {
        "loss": 3.0139987468719482,
        "delta": 0.04184317588806152
      },
      "random": {
        "loss": 2.9745795726776123,
        "delta": 0.002424001693725586
      }
    }
  },
  "k_independent": {
    "zero": {
      "loss": 2.99639630317688,
      "delta": 0.024240732192993164
    },
    "shuffle": {
      "loss": 3.0081052780151367,
      "delta": 0.03594970703125
    }
  },
  "baseline_loss": 2.9721555709838867
}