{
  "config": {
    "svd_dir": "/worxpace/repos/py/GaleMoE/svd_cache/",
    "layer_idx": 22,
    "output_dir": "results_scale10_w1/",
    "num_experts": 8,
    "model_id": "mistralai/Mixtral-8x7B-v0.1",
    "model_tag": "mistralai_Mixtral_8x7B_v0.1",
    "num_samples": 500,
    "seq_len": 64,
    "batch_size": 500,
    "seed": 42,
    "variations": [
      "svd",
      "random",
      "zero",
      "shuffle"
    ],
    "dataset": "wikitext",
    "text_file": null,
    "top_k": [
      1,
      2,
      4,
      8,
      16,
      32,
      64,
      128,
      256,
      512
    ],
    "quantization": null,
    "scale": 10.0
  },
  "by_k": {
    "1": {
      "svd": {
        "loss": 3.00144362449646,
        "delta": 0.029288053512573242
      },
      "random": {
        "loss": 3.00144362449646,
        "delta": 0.029288053512573242
      }
    },
    "2": {
      "svd": {
        "loss": 3.004312038421631,
        "delta": 0.03215646743774414
      },
      "random": {
        "loss": 2.9999775886535645,
        "delta": 0.027822017669677734
      }
    },
    "4": {
      "svd": {
        "loss": 3.0037496089935303,
        "delta": 0.031594038009643555
      },
      "random": {
        "loss": 3.005031108856201,
        "delta": 0.03287553787231445
      }
    },
    "8": {
      "svd": {
        "loss": 3.004488468170166,
        "delta": 0.0323328971862793
      },
      "random": {
        "loss": 2.9968464374542236,
        "delta": 0.024690866470336914
      }
    },
    "16": {
      "svd": {
        "loss": 3.0055007934570312,
        "delta": 0.03334522247314453
      },
      "random": {
        "loss": 2.9943230152130127,
        "delta": 0.022167444229125977
      }
    },
    "32": {
      "svd": {
        "loss": 3.0050532817840576,
        "delta": 0.0328977108001709
      },
      "random": {
        "loss": 2.9880950450897217,
        "delta": 0.01593947410583496
      }
    },
    "64": {
      "svd": {
        "loss": 3.004854440689087,
        "delta": 0.032698869705200195
      },
      "random": {
        "loss": 2.9807441234588623,
        "delta": 0.008588552474975586
      }
    },
    "128": {
      "svd": {
        "loss": 3.0057051181793213,
        "delta": 0.03354954719543457
      },
      "random": {
        "loss": 2.9773242473602295,
        "delta": 0.0051686763763427734
      }
    },
    "256": {
      "svd": {
        "loss": 3.00557541847229,
        "delta": 0.03341984748840332
      },
      "random": {
        "loss": 2.9738481044769287,
        "delta": 0.0016925334930419922
      }
    },
    "512": {
      "svd": {
        "loss": 3.005998373031616,
        "delta": 0.03384280204772949
      },
      "random": {
        "loss": 2.9728870391845703,
        "delta": 0.0007314682006835938
      }
    }
  },
  "k_independent": {
    "zero": {
      "loss": 2.9919848442077637,
      "delta": 0.019829273223876953
    },
    "shuffle": {
      "loss": 3.002617835998535,
      "delta": 0.030462265014648438
    }
  },
  "baseline_loss": 2.9721555709838867
}