{
  "config": {
    "svd_dir": "/worxpace/repos/py/GaleMoE/svd_cache/",
    "layer_idx": 25,
    "output_dir": "results_scale10_w1/",
    "num_experts": 8,
    "model_id": "mistralai/Mixtral-8x7B-v0.1",
    "model_tag": "mistralai_Mixtral_8x7B_v0.1",
    "num_samples": 500,
    "seq_len": 64,
    "batch_size": 500,
    "seed": 42,
    "variations": [
      "svd",
      "random",
      "zero",
      "shuffle"
    ],
    "dataset": "wikitext",
    "text_file": null,
    "top_k": [
      1,
      2,
      4,
      8,
      16,
      32,
      64,
      128,
      256,
      512
    ],
    "quantization": null,
    "scale": 10.0
  },
  "by_k": {
    "1": {
      "svd": {
        "loss": 2.9985132217407227,
        "delta": 0.026357650756835938
      },
      "random": {
        "loss": 2.9984631538391113,
        "delta": 0.02630758285522461
      }
    },
    "2": {
      "svd": {
        "loss": 3.002483367919922,
        "delta": 0.030327796936035156
      },
      "random": {
        "loss": 3.0040695667266846,
        "delta": 0.03191399574279785
      }
    },
    "4": {
      "svd": {
        "loss": 3.0026564598083496,
        "delta": 0.03050088882446289
      },
      "random": {
        "loss": 3.0015995502471924,
        "delta": 0.029443979263305664
      }
    },
    "8": {
      "svd": {
        "loss": 3.0033063888549805,
        "delta": 0.03115081787109375
      },
      "random": {
        "loss": 3.0000224113464355,
        "delta": 0.027866840362548828
      }
    },
    "16": {
      "svd": {
        "loss": 3.0033085346221924,
        "delta": 0.031152963638305664
      },
      "random": {
        "loss": 2.9962947368621826,
        "delta": 0.0241391658782959
      }
    },
    "32": {
      "svd": {
        "loss": 3.003453016281128,
        "delta": 0.03129744529724121
      },
      "random": {
        "loss": 2.986309289932251,
        "delta": 0.014153718948364258
      }
    },
    "64": {
      "svd": {
        "loss": 3.0038185119628906,
        "delta": 0.031662940979003906
      },
      "random": {
        "loss": 2.979503631591797,
        "delta": 0.007348060607910156
      }
    },
    "128": {
      "svd": {
        "loss": 3.0043551921844482,
        "delta": 0.03219962120056152
      },
      "random": {
        "loss": 2.974512815475464,
        "delta": 0.0023572444915771484
      }
    },
    "256": {
      "svd": {
        "loss": 3.0044147968292236,
        "delta": 0.032259225845336914
      },
      "random": {
        "loss": 2.97253680229187,
        "delta": 0.00038123130798339844
      }
    },
    "512": {
      "svd": {
        "loss": 3.00478458404541,
        "delta": 0.03262901306152344
      },
      "random": {
        "loss": 2.9723422527313232,
        "delta": 0.00018668174743652344
      }
    }
  },
  "k_independent": {
    "zero": {
      "loss": 2.995516777038574,
      "delta": 0.0233612060546875
    },
    "shuffle": {
      "loss": 3.0037076473236084,
      "delta": 0.03155207633972168
    }
  },
  "baseline_loss": 2.9721555709838867
}