{
  "config": {
    "svd_dir": "/worxpace/repos/py/GaleMoE/svd_cache/",
    "layer_idx": 23,
    "output_dir": "results_scale10_w1/",
    "num_experts": 8,
    "model_id": "mistralai/Mixtral-8x7B-v0.1",
    "model_tag": "mistralai_Mixtral_8x7B_v0.1",
    "num_samples": 500,
    "seq_len": 64,
    "batch_size": 500,
    "seed": 42,
    "variations": [
      "svd",
      "random",
      "zero",
      "shuffle"
    ],
    "dataset": "wikitext",
    "text_file": null,
    "top_k": [
      1,
      2,
      4,
      8,
      16,
      32,
      64,
      128,
      256,
      512
    ],
    "quantization": null,
    "scale": 10.0
  },
  "by_k": {
    "1": {
      "svd": {
        "loss": 3.0001418590545654,
        "delta": 0.02798628807067871
      },
      "random": {
        "loss": 3.0001418590545654,
        "delta": 0.02798628807067871
      }
    },
    "2": {
      "svd": {
        "loss": 3.0000691413879395,
        "delta": 0.027913570404052734
      },
      "random": {
        "loss": 3.0034267902374268,
        "delta": 0.03127121925354004
      }
    },
    "4": {
      "svd": {
        "loss": 2.9999072551727295,
        "delta": 0.027751684188842773
      },
      "random": {
        "loss": 3.0005528926849365,
        "delta": 0.028397321701049805
      }
    },
    "8": {
      "svd": {
        "loss": 3.001713752746582,
        "delta": 0.029558181762695312
      },
      "random": {
        "loss": 3.0009806156158447,
        "delta": 0.028825044631958008
      }
    },
    "16": {
      "svd": {
        "loss": 3.0005838871002197,
        "delta": 0.028428316116333008
      },
      "random": {
        "loss": 2.9905998706817627,
        "delta": 0.018444299697875977
      }
    },
    "32": {
      "svd": {
        "loss": 3.000854969024658,
        "delta": 0.028699398040771484
      },
      "random": {
        "loss": 2.9849565029144287,
        "delta": 0.012800931930541992
      }
    },
    "64": {
      "svd": {
        "loss": 3.0024032592773438,
        "delta": 0.03024768829345703
      },
      "random": {
        "loss": 2.9796035289764404,
        "delta": 0.007447957992553711
      }
    },
    "128": {
      "svd": {
        "loss": 3.0021560192108154,
        "delta": 0.03000044822692871
      },
      "random": {
        "loss": 2.9758517742156982,
        "delta": 0.0036962032318115234
      }
    },
    "256": {
      "svd": {
        "loss": 3.001418113708496,
        "delta": 0.029262542724609375
      },
      "random": {
        "loss": 2.9745872020721436,
        "delta": 0.002431631088256836
      }
    },
    "512": {
      "svd": {
        "loss": 2.9998340606689453,
        "delta": 0.027678489685058594
      },
      "random": {
        "loss": 2.9729743003845215,
        "delta": 0.0008187294006347656
      }
    }
  },
  "k_independent": {
    "zero": {
      "loss": 2.9887611865997314,
      "delta": 0.016605615615844727
    },
    "shuffle": {
      "loss": 2.999765157699585,
      "delta": 0.027609586715698242
    }
  },
  "baseline_loss": 2.9721555709838867
}