{
  "config": {
    "svd_dir": "/worxpace/repos/py/GaleMoE/svd_cache/",
    "layer_idx": 5,
    "output_dir": "results_scale10_w1/",
    "num_experts": 8,
    "model_id": "mistralai/Mixtral-8x7B-v0.1",
    "model_tag": "mistralai_Mixtral_8x7B_v0.1",
    "num_samples": 500,
    "seq_len": 64,
    "batch_size": 500,
    "seed": 42,
    "variations": [
      "svd",
      "random",
      "zero",
      "shuffle"
    ],
    "dataset": "wikitext",
    "text_file": null,
    "top_k": [
      1,
      2,
      4,
      8,
      16,
      32,
      64,
      128,
      256,
      512
    ],
    "quantization": null,
    "scale": 10.0
  },
  "by_k": {
    "1": {
      "svd": {
        "loss": 2.987298011779785,
        "delta": 0.015142440795898438
      },
      "random": {
        "loss": 2.987347364425659,
        "delta": 0.015191793441772461
      }
    },
    "2": {
      "svd": {
        "loss": 2.9878687858581543,
        "delta": 0.015713214874267578
      },
      "random": {
        "loss": 2.9938271045684814,
        "delta": 0.021671533584594727
      }
    },
    "4": {
      "svd": {
        "loss": 2.9875428676605225,
        "delta": 0.015387296676635742
      },
      "random": {
        "loss": 2.9884252548217773,
        "delta": 0.016269683837890625
      }
    },
    "8": {
      "svd": {
        "loss": 2.9874415397644043,
        "delta": 0.015285968780517578
      },
      "random": {
        "loss": 2.9798238277435303,
        "delta": 0.007668256759643555
      }
    },
    "16": {
      "svd": {
        "loss": 2.988245725631714,
        "delta": 0.01609015464782715
      },
      "random": {
        "loss": 2.982138156890869,
        "delta": 0.009982585906982422
      }
    },
    "32": {
      "svd": {
        "loss": 2.992680072784424,
        "delta": 0.02052450180053711
      },
      "random": {
        "loss": 2.9774880409240723,
        "delta": 0.005332469940185547
      }
    },
    "64": {
      "svd": {
        "loss": 2.9958722591400146,
        "delta": 0.02371668815612793
      },
      "random": {
        "loss": 2.976337432861328,
        "delta": 0.004181861877441406
      }
    },
    "128": {
      "svd": {
        "loss": 2.9996607303619385,
        "delta": 0.027505159378051758
      },
      "random": {
        "loss": 2.9745614528656006,
        "delta": 0.002405881881713867
      }
    },
    "256": {
      "svd": {
        "loss": 3.0010430812835693,
        "delta": 0.028887510299682617
      },
      "random": {
        "loss": 2.973062515258789,
        "delta": 0.0009069442749023438
      }
    },
    "512": {
      "svd": {
        "loss": 3.0014569759368896,
        "delta": 0.02930140495300293
      },
      "random": {
        "loss": 2.971872091293335,
        "delta": -0.0002834796905517578
      }
    }
  },
  "k_independent": {
    "zero": {
      "loss": 2.9978063106536865,
      "delta": 0.025650739669799805
    },
    "shuffle": {
      "loss": 2.999642848968506,
      "delta": 0.02748727798461914
    }
  },
  "baseline_loss": 2.9721555709838867
}