{
  "config": {
    "svd_dir": "/worxpace/repos/py/GaleMoE/svd_cache/float/w3/",
    "layer_idx": 28,
    "output_dir": "results_1002/",
    "num_experts": 8,
    "model_id": "mistralai/Mixtral-8x7B-v0.1",
    "model_tag": "mistralai_Mixtral_8x7B_v0.1",
    "num_samples": 500,
    "seq_len": 64,
    "batch_size": 500,
    "seed": 42,
    "variations": [
      "svd",
      "replace",
      "random",
      "zero",
      "shuffle"
    ],
    "dataset": "wikitext",
    "text_file": null,
    "top_k": [
      1,
      4,
      8,
      32,
      128,
      256,
      512
    ],
    "quantization": null,
    "scale": 10.0,
    "replace_weight_decay": 1.0
  },
  "by_k": {
    "1": {
      "svd": {
        "loss": 3.0287864208221436,
        "delta": 0.056630849838256836
      },
      "replace": {
        "loss": 3.014643907546997,
        "delta": 0.04248833656311035
      },
      "random": {
        "loss": 2.972123146057129,
        "delta": -3.24249267578125e-05
      }
    },
    "4": {
      "svd": {
        "loss": 3.0348849296569824,
        "delta": 0.0627293586730957
      },
      "replace": {
        "loss": 3.028797149658203,
        "delta": 0.056641578674316406
      },
      "random": {
        "loss": 2.972795248031616,
        "delta": 0.0006396770477294922
      }
    },
    "8": {
      "svd": {
        "loss": 3.0343339443206787,
        "delta": 0.06217837333679199
      },
      "replace": {
        "loss": 3.02785325050354,
        "delta": 0.05569767951965332
      },
      "random": {
        "loss": 2.972195863723755,
        "delta": 4.029273986816406e-05
      }
    },
    "32": {
      "svd": {
        "loss": 3.0350403785705566,
        "delta": 0.06288480758666992
      },
      "replace": {
        "loss": 3.0259177684783936,
        "delta": 0.053762197494506836
      },
      "random": {
        "loss": 2.977153778076172,
        "delta": 0.004998207092285156
      }
    },
    "128": {
      "svd": {
        "loss": 3.025047779083252,
        "delta": 0.052892208099365234
      },
      "replace": {
        "loss": 3.026181697845459,
        "delta": 0.054026126861572266
      },
      "random": {
        "loss": 2.988121747970581,
        "delta": 0.015966176986694336
      }
    },
    "256": {
      "svd": {
        "loss": 3.0196597576141357,
        "delta": 0.04750418663024902
      },
      "replace": {
        "loss": 3.026237964630127,
        "delta": 0.054082393646240234
      },
      "random": {
        "loss": 2.997480869293213,
        "delta": 0.025325298309326172
      }
    },
    "512": {
      "svd": {
        "loss": 3.0219454765319824,
        "delta": 0.0497899055480957
      },
      "replace": {
        "loss": 3.0259504318237305,
        "delta": 0.05379486083984375
      },
      "random": {
        "loss": 3.0249576568603516,
        "delta": 0.052802085876464844
      }
    }
  },
  "k_independent": {
    "zero": {
      "loss": 3.024977207183838,
      "delta": 0.05282163619995117
    },
    "shuffle": {
      "loss": 3.024184465408325,
      "delta": 0.05202889442443848
    }
  },
  "baseline_loss": 2.9721555709838867
}