{
  "config": {
    "svd_dir": "/worxpace/repos/py/GaleMoE/svd_cache/float/w3/",
    "layer_idx": 8,
    "output_dir": "results_1002/",
    "num_experts": 8,
    "model_id": "mistralai/Mixtral-8x7B-v0.1",
    "model_tag": "mistralai_Mixtral_8x7B_v0.1",
    "num_samples": 500,
    "seq_len": 64,
    "batch_size": 500,
    "seed": 42,
    "variations": [
      "svd",
      "replace",
      "random",
      "zero",
      "shuffle"
    ],
    "dataset": "wikitext",
    "text_file": null,
    "top_k": [
      1,
      4,
      8,
      32,
      128,
      256,
      512
    ],
    "quantization": null,
    "scale": 10.0,
    "replace_weight_decay": 1.0
  },
  "by_k": {
    "1": {
      "svd": {
        "loss": 2.9790241718292236,
        "delta": 0.006868600845336914
      },
      "replace": {
        "loss": 2.984124183654785,
        "delta": 0.011968612670898438
      },
      "random": {
        "loss": 2.9717209339141846,
        "delta": -0.00043463706970214844
      }
    },
    "4": {
      "svd": {
        "loss": 2.988940954208374,
        "delta": 0.016785383224487305
      },
      "replace": {
        "loss": 2.986295461654663,
        "delta": 0.014139890670776367
      },
      "random": {
        "loss": 2.972921371459961,
        "delta": 0.0007658004760742188
      }
    },
    "8": {
      "svd": {
        "loss": 2.992558479309082,
        "delta": 0.020402908325195312
      },
      "replace": {
        "loss": 2.9873950481414795,
        "delta": 0.015239477157592773
      },
      "random": {
        "loss": 2.97290301322937,
        "delta": 0.0007474422454833984
      }
    },
    "32": {
      "svd": {
        "loss": 2.9952521324157715,
        "delta": 0.023096561431884766
      },
      "replace": {
        "loss": 2.9870710372924805,
        "delta": 0.01491546630859375
      },
      "random": {
        "loss": 2.973419189453125,
        "delta": 0.0012636184692382812
      }
    },
    "128": {
      "svd": {
        "loss": 3.000966787338257,
        "delta": 0.028811216354370117
      },
      "replace": {
        "loss": 2.987259864807129,
        "delta": 0.015104293823242188
      },
      "random": {
        "loss": 2.979267120361328,
        "delta": 0.007111549377441406
      }
    },
    "256": {
      "svd": {
        "loss": 3.0035393238067627,
        "delta": 0.03138375282287598
      },
      "replace": {
        "loss": 2.9868013858795166,
        "delta": 0.014645814895629883
      },
      "random": {
        "loss": 2.9829800128936768,
        "delta": 0.010824441909790039
      }
    },
    "512": {
      "svd": {
        "loss": 3.003081798553467,
        "delta": 0.030926227569580078
      },
      "replace": {
        "loss": 2.9873921871185303,
        "delta": 0.015236616134643555
      },
      "random": {
        "loss": 2.9937949180603027,
        "delta": 0.021639347076416016
      }
    }
  },
  "k_independent": {
    "zero": {
      "loss": 2.9887044429779053,
      "delta": 0.016548871994018555
    },
    "shuffle": {
      "loss": 2.995089530944824,
      "delta": 0.0229339599609375
    }
  },
  "baseline_loss": 2.9721555709838867
}