{
  "config": {
    "svd_dir": "/worxpace/repos/py/GaleMoE/svd_cache/float/w3/",
    "layer_idx": 4,
    "output_dir": "results_1002/",
    "num_experts": 8,
    "model_id": "mistralai/Mixtral-8x7B-v0.1",
    "model_tag": "mistralai_Mixtral_8x7B_v0.1",
    "num_samples": 500,
    "seq_len": 64,
    "batch_size": 500,
    "seed": 42,
    "variations": [
      "svd",
      "replace",
      "random",
      "zero",
      "shuffle"
    ],
    "dataset": "wikitext",
    "text_file": null,
    "top_k": [
      1,
      4,
      8,
      32,
      128,
      256,
      512
    ],
    "quantization": null,
    "scale": 10.0,
    "replace_weight_decay": 1.0
  },
  "by_k": {
    "1": {
      "svd": {
        "loss": 2.9742023944854736,
        "delta": 0.002046823501586914
      },
      "replace": {
        "loss": 3.0026493072509766,
        "delta": 0.030493736267089844
      },
      "random": {
        "loss": 2.9725799560546875,
        "delta": 0.00042438507080078125
      }
    },
    "4": {
      "svd": {
        "loss": 2.98940372467041,
        "delta": 0.017248153686523438
      },
      "replace": {
        "loss": 3.002192497253418,
        "delta": 0.03003692626953125
      },
      "random": {
        "loss": 2.9716503620147705,
        "delta": -0.0005052089691162109
      }
    },
    "8": {
      "svd": {
        "loss": 2.9884161949157715,
        "delta": 0.016260623931884766
      },
      "replace": {
        "loss": 3.0017950534820557,
        "delta": 0.029639482498168945
      },
      "random": {
        "loss": 2.9722647666931152,
        "delta": 0.00010919570922851562
      }
    },
    "32": {
      "svd": {
        "loss": 3.0079336166381836,
        "delta": 0.035778045654296875
      },
      "replace": {
        "loss": 3.0032763481140137,
        "delta": 0.031120777130126953
      },
      "random": {
        "loss": 2.9742612838745117,
        "delta": 0.002105712890625
      }
    },
    "128": {
      "svd": {
        "loss": 3.0188913345336914,
        "delta": 0.04673576354980469
      },
      "replace": {
        "loss": 3.002596616744995,
        "delta": 0.0304410457611084
      },
      "random": {
        "loss": 2.9872608184814453,
        "delta": 0.015105247497558594
      }
    },
    "256": {
      "svd": {
        "loss": 3.020167350769043,
        "delta": 0.04801177978515625
      },
      "replace": {
        "loss": 3.002575397491455,
        "delta": 0.03041982650756836
      },
      "random": {
        "loss": 2.9923970699310303,
        "delta": 0.020241498947143555
      }
    },
    "512": {
      "svd": {
        "loss": 3.023012638092041,
        "delta": 0.0508570671081543
      },
      "replace": {
        "loss": 3.0029189586639404,
        "delta": 0.03076338768005371
      },
      "random": {
        "loss": 3.0148682594299316,
        "delta": 0.04271268844604492
      }
    }
  },
  "k_independent": {
    "zero": {
      "loss": 3.005072832107544,
      "delta": 0.03291726112365723
    },
    "shuffle": {
      "loss": 3.013233184814453,
      "delta": 0.041077613830566406
    }
  },
  "baseline_loss": 2.9721555709838867
}