{
  "config": {
    "svd_dir": "/worxpace/repos/py/GaleMoE/svd_cache/float/w3/",
    "layer_idx": 0,
    "output_dir": "results_rest_replace/",
    "num_experts": 8,
    "model_id": "mistralai/Mixtral-8x7B-v0.1",
    "model_tag": "mistralai_Mixtral_8x7B_v0.1",
    "num_samples": 500,
    "seq_len": 64,
    "batch_size": 500,
    "seed": 42,
    "variations": [
      "svd",
      "replace",
      "random",
      "zero",
      "shuffle"
    ],
    "dataset": "wikitext",
    "text_file": null,
    "top_k": [
      1,
      8,
      32,
      64,
      128
    ],
    "quantization": null,
    "scale": 10.0,
    "replace_weight_decay": 1.0
  },
  "by_k": {
    "1": {
      "svd": {
        "loss": 2.977757692337036,
        "delta": 0.005602121353149414
      },
      "replace": {
        "loss": 3.147292375564575,
        "delta": 0.17513680458068848
      },
      "random": {
        "loss": 2.9717793464660645,
        "delta": -0.0003762245178222656
      }
    },
    "8": {
      "svd": {
        "loss": 2.9927690029144287,
        "delta": 0.020613431930541992
      },
      "replace": {
        "loss": 3.1370227336883545,
        "delta": 0.16486716270446777
      },
      "random": {
        "loss": 2.97109055519104,
        "delta": -0.0010650157928466797
      }
    },
    "32": {
      "svd": {
        "loss": 3.018812417984009,
        "delta": 0.04665684700012207
      },
      "replace": {
        "loss": 3.137877941131592,
        "delta": 0.16572237014770508
      },
      "random": {
        "loss": 2.9741084575653076,
        "delta": 0.0019528865814208984
      }
    },
    "64": {
      "svd": {
        "loss": 3.028273344039917,
        "delta": 0.05611777305603027
      },
      "replace": {
        "loss": 3.1335461139678955,
        "delta": 0.1613905429840088
      },
      "random": {
        "loss": 2.97200870513916,
        "delta": -0.0001468658447265625
      }
    },
    "128": {
      "svd": {
        "loss": 3.039111852645874,
        "delta": 0.0669562816619873
      },
      "replace": {
        "loss": 3.1358096599578857,
        "delta": 0.16365408897399902
      },
      "random": {
        "loss": 2.978649139404297,
        "delta": 0.006493568420410156
      }
    }
  },
  "k_independent": {
    "zero": {
      "loss": 3.1942946910858154,
      "delta": 0.2221391201019287
    },
    "shuffle": {
      "loss": 3.3319451808929443,
      "delta": 0.3597896099090576
    }
  },
  "baseline_loss": 2.9721555709838867
}