{
  "config": {
    "svd_dir": "svd_cache",
    "layer_idx": 0,
    "output_dir": "results_1",
    "num_experts": 8,
    "model_id": "mistralai/Mixtral-8x7B-v0.1",
    "model_tag": "mistralai_Mixtral_8x7B_v0.1",
    "num_samples": 1000,
    "seq_len": 64,
    "batch_size": 100,
    "seed": 42,
    "variations": [
      "svd",
      "random",
      "zero",
      "shuffle"
    ],
    "dataset": "wikitext",
    "text_file": null,
    "top_k": [
      1,
      2,
      4,
      8,
      16,
      32,
      64,
      128,
      256,
      512
    ],
    "quantization": null
  },
  "by_k": {
    "1": {
      "svd": {
        "loss": 2.919920015335083,
        "delta": 1.8191337585182765e-05
      },
      "random": {
        "loss": 2.9199523448944094,
        "delta": 5.052089691170991e-05
      },
      "zero": {
        "loss": 3.148859167098999,
        "delta": 0.2289573431015013
      },
      "shuffle": {
        "loss": 3.277436375617981,
        "delta": 0.3575345516204833
      }
    },
    "2": {
      "svd": {
        "loss": 2.9196123361587523,
        "delta": -0.00028948783874538364
      },
      "random": {
        "loss": 2.9199523448944094,
        "delta": 5.052089691170991e-05
      },
      "zero": {
        "loss": 3.148859167098999,
        "delta": 0.2289573431015013
      },
      "shuffle": {
        "loss": 3.277436375617981,
        "delta": 0.3575345516204833
      }
    },
    "4": {
      "svd": {
        "loss": 2.9203172445297243,
        "delta": 0.0004154205322266513
      },
      "random": {
        "loss": 2.9199523448944094,
        "delta": 5.052089691170991e-05
      },
      "zero": {
        "loss": 3.148859167098999,
        "delta": 0.2289573431015013
      },
      "shuffle": {
        "loss": 3.277436375617981,
        "delta": 0.3575345516204833
      }
    },
    "8": {
      "svd": {
        "loss": 2.9189616203308106,
        "delta": -0.0009402036666870117
      },
      "random": {
        "loss": 2.9199523448944094,
        "delta": 5.052089691170991e-05
      },
      "zero": {
        "loss": 3.148859167098999,
        "delta": 0.2289573431015013
      },
      "shuffle": {
        "loss": 3.277436375617981,
        "delta": 0.3575345516204833
      }
    },
    "16": {
      "svd": {
        "loss": 2.9199023246765137,
        "delta": 5.006790160244634e-07
      },
      "random": {
        "loss": 2.9199523448944094,
        "delta": 5.052089691170991e-05
      },
      "zero": {
        "loss": 3.148859167098999,
        "delta": 0.2289573431015013
      },
      "shuffle": {
        "loss": 3.277436375617981,
        "delta": 0.3575345516204833
      }
    },
    "32": {
      "svd": {
        "loss": 2.918592023849487,
        "delta": -0.0013098001480105204
      },
      "random": {
        "loss": 2.9199523448944094,
        "delta": 5.052089691170991e-05
      },
      "zero": {
        "loss": 3.148859167098999,
        "delta": 0.2289573431015013
      },
      "shuffle": {
        "loss": 3.277436375617981,
        "delta": 0.3575345516204833
      }
    },
    "64": {
      "svd": {
        "loss": 2.920510768890381,
        "delta": 0.000608944892883212
      },
      "random": {
        "loss": 2.9199523448944094,
        "delta": 5.052089691170991e-05
      },
      "zero": {
        "loss": 3.148859167098999,
        "delta": 0.2289573431015013
      },
      "shuffle": {
        "loss": 3.277436375617981,
        "delta": 0.3575345516204833
      }
    },
    "128": {
      "svd": {
        "loss": 2.9496726989746094,
        "delta": 0.029770874977111728
      },
      "random": {
        "loss": 2.9199523448944094,
        "delta": 5.052089691170991e-05
      },
      "zero": {
        "loss": 3.148859167098999,
        "delta": 0.2289573431015013
      },
      "shuffle": {
        "loss": 3.277436375617981,
        "delta": 0.3575345516204833
      }
    },
    "256": {
      "svd": {
        "loss": 3.0379199981689453,
        "delta": 0.11801817417144767
      },
      "random": {
        "loss": 2.9199523448944094,
        "delta": 5.052089691170991e-05
      },
      "zero": {
        "loss": 3.148859167098999,
        "delta": 0.2289573431015013
      },
      "shuffle": {
        "loss": 3.277436375617981,
        "delta": 0.3575345516204833
      }
    },
    "512": {
      "svd": {
        "loss": 3.0599673271179197,
        "delta": 0.1400655031204221
      },
      "random": {
        "loss": 2.9199523448944094,
        "delta": 5.052089691170991e-05
      },
      "zero": {
        "loss": 3.148859167098999,
        "delta": 0.2289573431015013
      },
      "shuffle": {
        "loss": 3.277436375617981,
        "delta": 0.3575345516204833
      }
    }
  },
  "baseline_loss": 2.9199018239974976
}