{
  "config": {
    "svd_dir": "svd_cache",
    "layer_idx": 3,
    "output_dir": "results_1",
    "num_experts": 8,
    "model_id": "mistralai/Mixtral-8x7B-v0.1",
    "model_tag": "mistralai_Mixtral_8x7B_v0.1",
    "num_samples": 1000,
    "seq_len": 64,
    "batch_size": 100,
    "seed": 42,
    "variations": [
      "svd",
      "random",
      "zero",
      "shuffle"
    ],
    "dataset": "wikitext",
    "text_file": null,
    "top_k": [
      1,
      2,
      4,
      8,
      16,
      32,
      64,
      128,
      256,
      512
    ],
    "quantization": null
  },
  "by_k": {
    "1": {
      "svd": {
        "loss": 2.9198556900024415,
        "delta": -4.6133995056152344e-05
      },
      "random": {
        "loss": 2.92033793926239,
        "delta": 0.0004361152648924005
      },
      "zero": {
        "loss": 2.9606963396072388,
        "delta": 0.04079451560974112
      },
      "shuffle": {
        "loss": 2.9860515117645265,
        "delta": 0.0661496877670289
      }
    },
    "2": {
      "svd": {
        "loss": 2.9203049421310423,
        "delta": 0.0004031181335446554
      },
      "random": {
        "loss": 2.92033793926239,
        "delta": 0.0004361152648924005
      },
      "zero": {
        "loss": 2.9606963396072388,
        "delta": 0.04079451560974112
      },
      "shuffle": {
        "loss": 2.9860515117645265,
        "delta": 0.0661496877670289
      }
    },
    "4": {
      "svd": {
        "loss": 2.9198758602142334,
        "delta": -2.5963783264248974e-05
      },
      "random": {
        "loss": 2.92033793926239,
        "delta": 0.0004361152648924005
      },
      "zero": {
        "loss": 2.9606963396072388,
        "delta": 0.04079451560974112
      },
      "shuffle": {
        "loss": 2.9860515117645265,
        "delta": 0.0661496877670289
      }
    },
    "8": {
      "svd": {
        "loss": 2.919949245452881,
        "delta": 4.74214553833896e-05
      },
      "random": {
        "loss": 2.92033793926239,
        "delta": 0.0004361152648924005
      },
      "zero": {
        "loss": 2.9606963396072388,
        "delta": 0.04079451560974112
      },
      "shuffle": {
        "loss": 2.9860515117645265,
        "delta": 0.0661496877670289
      }
    },
    "16": {
      "svd": {
        "loss": 2.924858736991882,
        "delta": 0.004956912994384499
      },
      "random": {
        "loss": 2.92033793926239,
        "delta": 0.0004361152648924005
      },
      "zero": {
        "loss": 2.9606963396072388,
        "delta": 0.04079451560974112
      },
      "shuffle": {
        "loss": 2.9860515117645265,
        "delta": 0.0661496877670289
      }
    },
    "32": {
      "svd": {
        "loss": 2.920330762863159,
        "delta": 0.0004289388656615323
      },
      "random": {
        "loss": 2.92033793926239,
        "delta": 0.0004361152648924005
      },
      "zero": {
        "loss": 2.9606963396072388,
        "delta": 0.04079451560974112
      },
      "shuffle": {
        "loss": 2.9860515117645265,
        "delta": 0.0661496877670289
      }
    },
    "64": {
      "svd": {
        "loss": 2.9202260971069336,
        "delta": 0.00032427310943594634
      },
      "random": {
        "loss": 2.92033793926239,
        "delta": 0.0004361152648924005
      },
      "zero": {
        "loss": 2.9606963396072388,
        "delta": 0.04079451560974112
      },
      "shuffle": {
        "loss": 2.9860515117645265,
        "delta": 0.0661496877670289
      }
    },
    "128": {
      "svd": {
        "loss": 2.9202049732208253,
        "delta": 0.0003031492233276367
      },
      "random": {
        "loss": 2.92033793926239,
        "delta": 0.0004361152648924005
      },
      "zero": {
        "loss": 2.9606963396072388,
        "delta": 0.04079451560974112
      },
      "shuffle": {
        "loss": 2.9860515117645265,
        "delta": 0.0661496877670289
      }
    },
    "256": {
      "svd": {
        "loss": 2.9218164443969727,
        "delta": 0.0019146203994750977
      },
      "random": {
        "loss": 2.92033793926239,
        "delta": 0.0004361152648924005
      },
      "zero": {
        "loss": 2.9606963396072388,
        "delta": 0.04079451560974112
      },
      "shuffle": {
        "loss": 2.9860515117645265,
        "delta": 0.0661496877670289
      }
    },
    "512": {
      "svd": {
        "loss": 2.92297523021698,
        "delta": 0.0030734062194821554
      },
      "random": {
        "loss": 2.92033793926239,
        "delta": 0.0004361152648924005
      },
      "zero": {
        "loss": 2.9606963396072388,
        "delta": 0.04079451560974112
      },
      "shuffle": {
        "loss": 2.9860515117645265,
        "delta": 0.0661496877670289
      }
    }
  },
  "baseline_loss": 2.9199018239974976
}