{
  "config": {
    "svd_dir": "svd_cache",
    "layer_idx": 1,
    "output_dir": "results_1",
    "num_experts": 8,
    "model_id": "mistralai/Mixtral-8x7B-v0.1",
    "model_tag": "mistralai_Mixtral_8x7B_v0.1",
    "num_samples": 1000,
    "seq_len": 64,
    "batch_size": 100,
    "seed": 42,
    "variations": [
      "svd",
      "random",
      "zero",
      "shuffle"
    ],
    "dataset": "wikitext",
    "text_file": null,
    "top_k": [
      1,
      2,
      4,
      8,
      16,
      32,
      64,
      128,
      256,
      512
    ],
    "quantization": null
  },
  "by_k": {
    "1": {
      "svd": {
        "loss": 2.9192784070968627,
        "delta": -0.0006234169006349433
      },
      "random": {
        "loss": 2.9202852964401247,
        "delta": 0.00038347244262704194
      },
      "zero": {
        "loss": 3.95210599899292,
        "delta": 1.0322041749954223
      },
      "shuffle": {
        "loss": 3.941727638244629,
        "delta": 1.0218258142471313
      }
    },
    "2": {
      "svd": {
        "loss": 2.9163500308990478,
        "delta": -0.0035517930984498847
      },
      "random": {
        "loss": 2.9202852964401247,
        "delta": 0.00038347244262704194
      },
      "zero": {
        "loss": 3.95210599899292,
        "delta": 1.0322041749954223
      },
      "shuffle": {
        "loss": 3.941727638244629,
        "delta": 1.0218258142471313
      }
    },
    "4": {
      "svd": {
        "loss": 3.137795615196228,
        "delta": 0.2178937911987302
      },
      "random": {
        "loss": 2.9202852964401247,
        "delta": 0.00038347244262704194
      },
      "zero": {
        "loss": 3.95210599899292,
        "delta": 1.0322041749954223
      },
      "shuffle": {
        "loss": 3.941727638244629,
        "delta": 1.0218258142471313
      }
    },
    "8": {
      "svd": {
        "loss": 3.149167799949646,
        "delta": 0.22926597595214826
      },
      "random": {
        "loss": 2.9202852964401247,
        "delta": 0.00038347244262704194
      },
      "zero": {
        "loss": 3.95210599899292,
        "delta": 1.0322041749954223
      },
      "shuffle": {
        "loss": 3.941727638244629,
        "delta": 1.0218258142471313
      }
    },
    "16": {
      "svd": {
        "loss": 3.0294764757156374,
        "delta": 0.10957465171813974
      },
      "random": {
        "loss": 2.9202852964401247,
        "delta": 0.00038347244262704194
      },
      "zero": {
        "loss": 3.95210599899292,
        "delta": 1.0322041749954223
      },
      "shuffle": {
        "loss": 3.941727638244629,
        "delta": 1.0218258142471313
      }
    },
    "32": {
      "svd": {
        "loss": 3.099571442604065,
        "delta": 0.17966961860656738
      },
      "random": {
        "loss": 2.9202852964401247,
        "delta": 0.00038347244262704194
      },
      "zero": {
        "loss": 3.95210599899292,
        "delta": 1.0322041749954223
      },
      "shuffle": {
        "loss": 3.941727638244629,
        "delta": 1.0218258142471313
      }
    },
    "64": {
      "svd": {
        "loss": 2.925401711463928,
        "delta": 0.005499887466430486
      },
      "random": {
        "loss": 2.9202852964401247,
        "delta": 0.00038347244262704194
      },
      "zero": {
        "loss": 3.95210599899292,
        "delta": 1.0322041749954223
      },
      "shuffle": {
        "loss": 3.941727638244629,
        "delta": 1.0218258142471313
      }
    },
    "128": {
      "svd": {
        "loss": 2.9337352752685546,
        "delta": 0.013833451271056951
      },
      "random": {
        "loss": 2.9202852964401247,
        "delta": 0.00038347244262704194
      },
      "zero": {
        "loss": 3.95210599899292,
        "delta": 1.0322041749954223
      },
      "shuffle": {
        "loss": 3.941727638244629,
        "delta": 1.0218258142471313
      }
    },
    "256": {
      "svd": {
        "loss": 3.0751548528671266,
        "delta": 0.155253028869629
      },
      "random": {
        "loss": 2.9202852964401247,
        "delta": 0.00038347244262704194
      },
      "zero": {
        "loss": 3.95210599899292,
        "delta": 1.0322041749954223
      },
      "shuffle": {
        "loss": 3.941727638244629,
        "delta": 1.0218258142471313
      }
    },
    "512": {
      "svd": {
        "loss": 3.1438420534133913,
        "delta": 0.22394022941589364
      },
      "random": {
        "loss": 2.9202852964401247,
        "delta": 0.00038347244262704194
      },
      "zero": {
        "loss": 3.95210599899292,
        "delta": 1.0322041749954223
      },
      "shuffle": {
        "loss": 3.941727638244629,
        "delta": 1.0218258142471313
      }
    }
  },
  "baseline_loss": 2.9199018239974976
}