{
  "config": {
    "svd_dir": "svd_cache",
    "layer_idx": 2,
    "output_dir": "results_1",
    "num_experts": 8,
    "model_id": "mistralai/Mixtral-8x7B-v0.1",
    "model_tag": "mistralai_Mixtral_8x7B_v0.1",
    "num_samples": 1000,
    "seq_len": 64,
    "batch_size": 100,
    "seed": 42,
    "variations": [
      "svd",
      "random",
      "zero",
      "shuffle"
    ],
    "dataset": "wikitext",
    "text_file": null,
    "top_k": [
      1,
      2,
      4,
      8,
      16,
      32,
      64,
      128,
      256,
      512
    ],
    "quantization": null
  },
  "by_k": {
    "1": {
      "svd": {
        "loss": 2.9206748723983766,
        "delta": 0.0007730484008789951
      },
      "random": {
        "loss": 2.920288586616516,
        "delta": 0.00038676261901837705
      },
      "zero": {
        "loss": 2.961477756500244,
        "delta": 0.04157593250274649
      },
      "shuffle": {
        "loss": 2.9882363796234133,
        "delta": 0.06833455562591562
      }
    },
    "2": {
      "svd": {
        "loss": 2.9206146717071535,
        "delta": 0.0007128477096558505
      },
      "random": {
        "loss": 2.920288586616516,
        "delta": 0.00038676261901837705
      },
      "zero": {
        "loss": 2.961477756500244,
        "delta": 0.04157593250274649
      },
      "shuffle": {
        "loss": 2.9882363796234133,
        "delta": 0.06833455562591562
      }
    },
    "4": {
      "svd": {
        "loss": 2.9203651189804076,
        "delta": 0.0004632949829099786
      },
      "random": {
        "loss": 2.920288586616516,
        "delta": 0.00038676261901837705
      },
      "zero": {
        "loss": 2.961477756500244,
        "delta": 0.04157593250274649
      },
      "shuffle": {
        "loss": 2.9882363796234133,
        "delta": 0.06833455562591562
      }
    },
    "8": {
      "svd": {
        "loss": 2.919632363319397,
        "delta": -0.0002694606781008524
      },
      "random": {
        "loss": 2.920288586616516,
        "delta": 0.00038676261901837705
      },
      "zero": {
        "loss": 2.961477756500244,
        "delta": 0.04157593250274649
      },
      "shuffle": {
        "loss": 2.9882363796234133,
        "delta": 0.06833455562591562
      }
    },
    "16": {
      "svd": {
        "loss": 2.9202835321426392,
        "delta": 0.00038170814514160156
      },
      "random": {
        "loss": 2.920288586616516,
        "delta": 0.00038676261901837705
      },
      "zero": {
        "loss": 2.961477756500244,
        "delta": 0.04157593250274649
      },
      "shuffle": {
        "loss": 2.9882363796234133,
        "delta": 0.06833455562591562
      }
    },
    "32": {
      "svd": {
        "loss": 2.9194409608840943,
        "delta": -0.0004608631134033203
      },
      "random": {
        "loss": 2.920288586616516,
        "delta": 0.00038676261901837705
      },
      "zero": {
        "loss": 2.961477756500244,
        "delta": 0.04157593250274649
      },
      "shuffle": {
        "loss": 2.9882363796234133,
        "delta": 0.06833455562591562
      }
    },
    "64": {
      "svd": {
        "loss": 2.9202452659606934,
        "delta": 0.0003434419631958008
      },
      "random": {
        "loss": 2.920288586616516,
        "delta": 0.00038676261901837705
      },
      "zero": {
        "loss": 2.961477756500244,
        "delta": 0.04157593250274649
      },
      "shuffle": {
        "loss": 2.9882363796234133,
        "delta": 0.06833455562591562
      }
    },
    "128": {
      "svd": {
        "loss": 2.920218515396118,
        "delta": 0.000316691398620339
      },
      "random": {
        "loss": 2.920288586616516,
        "delta": 0.00038676261901837705
      },
      "zero": {
        "loss": 2.961477756500244,
        "delta": 0.04157593250274649
      },
      "shuffle": {
        "loss": 2.9882363796234133,
        "delta": 0.06833455562591562
      }
    },
    "256": {
      "svd": {
        "loss": 2.921046280860901,
        "delta": 0.0011444568634031427
      },
      "random": {
        "loss": 2.920288586616516,
        "delta": 0.00038676261901837705
      },
      "zero": {
        "loss": 2.961477756500244,
        "delta": 0.04157593250274649
      },
      "shuffle": {
        "loss": 2.9882363796234133,
        "delta": 0.06833455562591562
      }
    },
    "512": {
      "svd": {
        "loss": 2.9226091861724854,
        "delta": 0.002707362174987793
      },
      "random": {
        "loss": 2.920288586616516,
        "delta": 0.00038676261901837705
      },
      "zero": {
        "loss": 2.961477756500244,
        "delta": 0.04157593250274649
      },
      "shuffle": {
        "loss": 2.9882363796234133,
        "delta": 0.06833455562591562
      }
    }
  },
  "baseline_loss": 2.9199018239974976
}