{
  "config": {
    "svd_dir": "svd_cache",
    "layer_idx": 4,
    "output_dir": "results_1",
    "num_experts": 8,
    "model_id": "mistralai/Mixtral-8x7B-v0.1",
    "model_tag": "mistralai_Mixtral_8x7B_v0.1",
    "num_samples": 1000,
    "seq_len": 64,
    "batch_size": 100,
    "seed": 42,
    "variations": [
      "svd",
      "random",
      "zero",
      "shuffle"
    ],
    "dataset": "wikitext",
    "text_file": null,
    "top_k": [
      1,
      2,
      4,
      8,
      16,
      32,
      64,
      128,
      256,
      512
    ],
    "quantization": null
  },
  "by_k": {
    "1": {
      "svd": {
        "loss": 2.9205403566360473,
        "delta": 0.000638532638549627
      },
      "random": {
        "loss": 2.920495128631592,
        "delta": 0.0005933046340942383
      },
      "zero": {
        "loss": 2.9519888877868654,
        "delta": 0.032087063789367765
      },
      "shuffle": {
        "loss": 2.959472727775574,
        "delta": 0.03957090377807626
      }
    },
    "2": {
      "svd": {
        "loss": 2.9212241172790527,
        "delta": 0.001322293281555087
      },
      "random": {
        "loss": 2.920495128631592,
        "delta": 0.0005933046340942383
      },
      "zero": {
        "loss": 2.9519888877868654,
        "delta": 0.032087063789367765
      },
      "shuffle": {
        "loss": 2.959472727775574,
        "delta": 0.03957090377807626
      }
    },
    "4": {
      "svd": {
        "loss": 2.9208227396011353,
        "delta": 0.0009209156036376065
      },
      "random": {
        "loss": 2.920495128631592,
        "delta": 0.0005933046340942383
      },
      "zero": {
        "loss": 2.9519888877868654,
        "delta": 0.032087063789367765
      },
      "shuffle": {
        "loss": 2.959472727775574,
        "delta": 0.03957090377807626
      }
    },
    "8": {
      "svd": {
        "loss": 2.9197600841522218,
        "delta": -0.0001417398452758789
      },
      "random": {
        "loss": 2.920495128631592,
        "delta": 0.0005933046340942383
      },
      "zero": {
        "loss": 2.9519888877868654,
        "delta": 0.032087063789367765
      },
      "shuffle": {
        "loss": 2.959472727775574,
        "delta": 0.03957090377807626
      }
    },
    "16": {
      "svd": {
        "loss": 2.9199665784835815,
        "delta": 6.475448608389556e-05
      },
      "random": {
        "loss": 2.920495128631592,
        "delta": 0.0005933046340942383
      },
      "zero": {
        "loss": 2.9519888877868654,
        "delta": 0.032087063789367765
      },
      "shuffle": {
        "loss": 2.959472727775574,
        "delta": 0.03957090377807626
      }
    },
    "32": {
      "svd": {
        "loss": 2.9212748527526857,
        "delta": 0.001373028755188077
      },
      "random": {
        "loss": 2.920495128631592,
        "delta": 0.0005933046340942383
      },
      "zero": {
        "loss": 2.9519888877868654,
        "delta": 0.032087063789367765
      },
      "shuffle": {
        "loss": 2.959472727775574,
        "delta": 0.03957090377807626
      }
    },
    "64": {
      "svd": {
        "loss": 2.9208449840545656,
        "delta": 0.0009431600570679599
      },
      "random": {
        "loss": 2.920495128631592,
        "delta": 0.0005933046340942383
      },
      "zero": {
        "loss": 2.9519888877868654,
        "delta": 0.032087063789367765
      },
      "shuffle": {
        "loss": 2.959472727775574,
        "delta": 0.03957090377807626
      }
    },
    "128": {
      "svd": {
        "loss": 2.9214903831481935,
        "delta": 0.0015885591506958896
      },
      "random": {
        "loss": 2.920495128631592,
        "delta": 0.0005933046340942383
      },
      "zero": {
        "loss": 2.9519888877868654,
        "delta": 0.032087063789367765
      },
      "shuffle": {
        "loss": 2.959472727775574,
        "delta": 0.03957090377807626
      }
    },
    "256": {
      "svd": {
        "loss": 2.922115659713745,
        "delta": 0.0022138357162475586
      },
      "random": {
        "loss": 2.920495128631592,
        "delta": 0.0005933046340942383
      },
      "zero": {
        "loss": 2.9519888877868654,
        "delta": 0.032087063789367765
      },
      "shuffle": {
        "loss": 2.959472727775574,
        "delta": 0.03957090377807626
      }
    },
    "512": {
      "svd": {
        "loss": 2.925245523452759,
        "delta": 0.005343699455261142
      },
      "random": {
        "loss": 2.920495128631592,
        "delta": 0.0005933046340942383
      },
      "zero": {
        "loss": 2.9519888877868654,
        "delta": 0.032087063789367765
      },
      "shuffle": {
        "loss": 2.959472727775574,
        "delta": 0.03957090377807626
      }
    }
  },
  "baseline_loss": 2.9199018239974976
}