{
  "config": {
    "svd_dir": "svd_cache",
    "layer_idx": 5,
    "output_dir": "results_1",
    "num_experts": 8,
    "model_id": "mistralai/Mixtral-8x7B-v0.1",
    "model_tag": "mistralai_Mixtral_8x7B_v0.1",
    "num_samples": 1000,
    "seq_len": 64,
    "batch_size": 100,
    "seed": 42,
    "variations": [
      "svd",
      "random",
      "zero",
      "shuffle"
    ],
    "dataset": "wikitext",
    "text_file": null,
    "top_k": [
      1,
      2,
      4,
      8,
      16,
      32,
      64,
      128,
      256,
      512
    ],
    "quantization": null
  },
  "by_k": {
    "1": {
      "svd": {
        "loss": 2.921654987335205,
        "delta": 0.001753163337707253
      },
      "random": {
        "loss": 2.920408082008362,
        "delta": 0.0005062580108643466
      },
      "zero": {
        "loss": 2.9456113815307616,
        "delta": 0.025709557533263983
      },
      "shuffle": {
        "loss": 2.9481079816818236,
        "delta": 0.028206157684325994
      }
    },
    "2": {
      "svd": {
        "loss": 2.922257971763611,
        "delta": 0.00235614776611337
      },
      "random": {
        "loss": 2.920408082008362,
        "delta": 0.0005062580108643466
      },
      "zero": {
        "loss": 2.9456113815307616,
        "delta": 0.025709557533263983
      },
      "shuffle": {
        "loss": 2.9481079816818236,
        "delta": 0.028206157684325994
      }
    },
    "4": {
      "svd": {
        "loss": 2.9218763589859007,
        "delta": 0.001974534988403054
      },
      "random": {
        "loss": 2.920408082008362,
        "delta": 0.0005062580108643466
      },
      "zero": {
        "loss": 2.9456113815307616,
        "delta": 0.025709557533263983
      },
      "shuffle": {
        "loss": 2.9481079816818236,
        "delta": 0.028206157684325994
      }
    },
    "8": {
      "svd": {
        "loss": 2.92141797542572,
        "delta": 0.0015161514282224786
      },
      "random": {
        "loss": 2.920408082008362,
        "delta": 0.0005062580108643466
      },
      "zero": {
        "loss": 2.9456113815307616,
        "delta": 0.025709557533263983
      },
      "shuffle": {
        "loss": 2.9481079816818236,
        "delta": 0.028206157684325994
      }
    },
    "16": {
      "svd": {
        "loss": 2.9191582679748533,
        "delta": -0.0007435560226443094
      },
      "random": {
        "loss": 2.920408082008362,
        "delta": 0.0005062580108643466
      },
      "zero": {
        "loss": 2.9456113815307616,
        "delta": 0.025709557533263983
      },
      "shuffle": {
        "loss": 2.9481079816818236,
        "delta": 0.028206157684325994
      }
    },
    "32": {
      "svd": {
        "loss": 2.919707989692688,
        "delta": -0.0001938343048095703
      },
      "random": {
        "loss": 2.920408082008362,
        "delta": 0.0005062580108643466
      },
      "zero": {
        "loss": 2.9456113815307616,
        "delta": 0.025709557533263983
      },
      "shuffle": {
        "loss": 2.9481079816818236,
        "delta": 0.028206157684325994
      }
    },
    "64": {
      "svd": {
        "loss": 2.919813895225525,
        "delta": -8.792877197283389e-05
      },
      "random": {
        "loss": 2.920408082008362,
        "delta": 0.0005062580108643466
      },
      "zero": {
        "loss": 2.9456113815307616,
        "delta": 0.025709557533263983
      },
      "shuffle": {
        "loss": 2.9481079816818236,
        "delta": 0.028206157684325994
      }
    },
    "128": {
      "svd": {
        "loss": 2.921208453178406,
        "delta": 0.001306629180908292
      },
      "random": {
        "loss": 2.920408082008362,
        "delta": 0.0005062580108643466
      },
      "zero": {
        "loss": 2.9456113815307616,
        "delta": 0.025709557533263983
      },
      "shuffle": {
        "loss": 2.9481079816818236,
        "delta": 0.028206157684325994
      }
    },
    "256": {
      "svd": {
        "loss": 2.9212363958358765,
        "delta": 0.0013345718383788174
      },
      "random": {
        "loss": 2.920408082008362,
        "delta": 0.0005062580108643466
      },
      "zero": {
        "loss": 2.9456113815307616,
        "delta": 0.025709557533263983
      },
      "shuffle": {
        "loss": 2.9481079816818236,
        "delta": 0.028206157684325994
      }
    },
    "512": {
      "svd": {
        "loss": 2.9220356702804566,
        "delta": 0.0021338462829589844
      },
      "random": {
        "loss": 2.920408082008362,
        "delta": 0.0005062580108643466
      },
      "zero": {
        "loss": 2.9456113815307616,
        "delta": 0.025709557533263983
      },
      "shuffle": {
        "loss": 2.9481079816818236,
        "delta": 0.028206157684325994
      }
    }
  },
  "baseline_loss": 2.9199018239974976
}