{
  "config": {
    "svd_dir": "/worxpace/repos/py/GaleMoE/svd_cache/float/w3/",
    "layer_idx": 0,
    "output_dir": "results_1002/",
    "num_experts": 8,
    "model_id": "mistralai/Mixtral-8x7B-v0.1",
    "model_tag": "mistralai_Mixtral_8x7B_v0.1",
    "num_samples": 500,
    "seq_len": 64,
    "batch_size": 500,
    "seed": 42,
    "variations": [
      "svd",
      "replace",
      "random",
      "zero",
      "shuffle"
    ],
    "dataset": "wikitext",
    "text_file": null,
    "top_k": [
      1,
      4,
      8,
      32,
      128,
      256,
      512
    ],
    "quantization": null,
    "scale": 10.0,
    "replace_weight_decay": 1.0
  },
  "by_k": {
    "1": {
      "svd": {
        "loss": 2.977757692337036,
        "delta": 0.005602121353149414
      },
      "replace": {
        "loss": 3.19831919670105,
        "delta": 0.22616362571716309
      },
      "random": {
        "loss": 2.9717793464660645,
        "delta": -0.0003762245178222656
      }
    },
    "4": {
      "svd": {
        "loss": 2.9980595111846924,
        "delta": 0.025903940200805664
      },
      "replace": {
        "loss": 3.176027774810791,
        "delta": 0.2038722038269043
      },
      "random": {
        "loss": 2.972053050994873,
        "delta": -0.00010251998901367188
      }
    },
    "8": {
      "svd": {
        "loss": 2.9927690029144287,
        "delta": 0.020613431930541992
      },
      "replace": {
        "loss": 3.151247262954712,
        "delta": 0.1790916919708252
      },
      "random": {
        "loss": 2.97109055519104,
        "delta": -0.0010650157928466797
      }
    },
    "32": {
      "svd": {
        "loss": 3.018812417984009,
        "delta": 0.04665684700012207
      },
      "replace": {
        "loss": 3.1740882396698,
        "delta": 0.20193266868591309
      },
      "random": {
        "loss": 2.9741084575653076,
        "delta": 0.0019528865814208984
      }
    },
    "128": {
      "svd": {
        "loss": 3.039111852645874,
        "delta": 0.0669562816619873
      },
      "replace": {
        "loss": 3.130312204360962,
        "delta": 0.1581566333770752
      },
      "random": {
        "loss": 2.978649139404297,
        "delta": 0.006493568420410156
      }
    },
    "256": {
      "svd": {
        "loss": 3.2872397899627686,
        "delta": 0.31508421897888184
      },
      "replace": {
        "loss": 3.1561882495880127,
        "delta": 0.18403267860412598
      },
      "random": {
        "loss": 3.0637660026550293,
        "delta": 0.09161043167114258
      }
    },
    "512": {
      "svd": {
        "loss": 3.3469431400299072,
        "delta": 0.3747875690460205
      },
      "replace": {
        "loss": 3.1572115421295166,
        "delta": 0.18505597114562988
      },
      "random": {
        "loss": 3.327885866165161,
        "delta": 0.3557302951812744
      }
    }
  },
  "k_independent": {
    "zero": {
      "loss": 3.1942946910858154,
      "delta": 0.2221391201019287
    },
    "shuffle": {
      "loss": 3.3319451808929443,
      "delta": 0.3597896099090576
    }
  },
  "baseline_loss": 2.9721555709838867
}