{
  "config": {
    "svd_dir": "/worxpace/repos/py/GaleMoE/svd_cache/float/w3/",
    "layer_idx": 24,
    "output_dir": "results_1002/",
    "num_experts": 8,
    "model_id": "mistralai/Mixtral-8x7B-v0.1",
    "model_tag": "mistralai_Mixtral_8x7B_v0.1",
    "num_samples": 500,
    "seq_len": 64,
    "batch_size": 500,
    "seed": 42,
    "variations": [
      "svd",
      "replace",
      "random",
      "zero",
      "shuffle"
    ],
    "dataset": "wikitext",
    "text_file": null,
    "top_k": [
      1,
      4,
      8,
      32,
      128,
      256,
      512
    ],
    "quantization": null,
    "scale": 10.0,
    "replace_weight_decay": 1.0
  },
  "by_k": {
    "1": {
      "svd": {
        "loss": 2.990138292312622,
        "delta": 0.01798272132873535
      },
      "replace": {
        "loss": 2.992405891418457,
        "delta": 0.020250320434570312
      },
      "random": {
        "loss": 2.972277879714966,
        "delta": 0.00012230873107910156
      }
    },
    "4": {
      "svd": {
        "loss": 2.9948925971984863,
        "delta": 0.02273702621459961
      },
      "replace": {
        "loss": 2.995317220687866,
        "delta": 0.023161649703979492
      },
      "random": {
        "loss": 2.9732506275177,
        "delta": 0.0010950565338134766
      }
    },
    "8": {
      "svd": {
        "loss": 2.9974021911621094,
        "delta": 0.025246620178222656
      },
      "replace": {
        "loss": 2.9946067333221436,
        "delta": 0.022451162338256836
      },
      "random": {
        "loss": 2.9725501537323,
        "delta": 0.00039458274841308594
      }
    },
    "32": {
      "svd": {
        "loss": 2.996739149093628,
        "delta": 0.02458357810974121
      },
      "replace": {
        "loss": 2.994218111038208,
        "delta": 0.02206254005432129
      },
      "random": {
        "loss": 2.973151683807373,
        "delta": 0.0009961128234863281
      }
    },
    "128": {
      "svd": {
        "loss": 2.9981281757354736,
        "delta": 0.025972604751586914
      },
      "replace": {
        "loss": 2.9942357540130615,
        "delta": 0.022080183029174805
      },
      "random": {
        "loss": 2.9829745292663574,
        "delta": 0.010818958282470703
      }
    },
    "256": {
      "svd": {
        "loss": 2.9983890056610107,
        "delta": 0.026233434677124023
      },
      "replace": {
        "loss": 2.993971347808838,
        "delta": 0.021815776824951172
      },
      "random": {
        "loss": 2.9873294830322266,
        "delta": 0.015173912048339844
      }
    },
    "512": {
      "svd": {
        "loss": 2.999824285507202,
        "delta": 0.02766871452331543
      },
      "replace": {
        "loss": 2.993800163269043,
        "delta": 0.02164459228515625
      },
      "random": {
        "loss": 2.9924228191375732,
        "delta": 0.020267248153686523
      }
    }
  },
  "k_independent": {
    "zero": {
      "loss": 2.9879677295684814,
      "delta": 0.015812158584594727
    },
    "shuffle": {
      "loss": 2.994859457015991,
      "delta": 0.022703886032104492
    }
  },
  "baseline_loss": 2.9721555709838867
}