{
  "config": {
    "svd_dir": "/worxpace/repos/py/GaleMoE/svd_cache/float/w3/",
    "layer_idx": 16,
    "output_dir": "results_1002/",
    "num_experts": 8,
    "model_id": "mistralai/Mixtral-8x7B-v0.1",
    "model_tag": "mistralai_Mixtral_8x7B_v0.1",
    "num_samples": 500,
    "seq_len": 64,
    "batch_size": 500,
    "seed": 42,
    "variations": [
      "svd",
      "replace",
      "random",
      "zero",
      "shuffle"
    ],
    "dataset": "wikitext",
    "text_file": null,
    "top_k": [
      1,
      4,
      8,
      32,
      128,
      256,
      512
    ],
    "quantization": null,
    "scale": 10.0,
    "replace_weight_decay": 1.0
  },
  "by_k": {
    "1": {
      "svd": {
        "loss": 2.977762222290039,
        "delta": 0.005606651306152344
      },
      "replace": {
        "loss": 2.9855237007141113,
        "delta": 0.01336812973022461
      },
      "random": {
        "loss": 2.9726264476776123,
        "delta": 0.00047087669372558594
      }
    },
    "4": {
      "svd": {
        "loss": 2.983816623687744,
        "delta": 0.011661052703857422
      },
      "replace": {
        "loss": 2.9822611808776855,
        "delta": 0.010105609893798828
      },
      "random": {
        "loss": 2.972642421722412,
        "delta": 0.0004868507385253906
      }
    },
    "8": {
      "svd": {
        "loss": 2.985203981399536,
        "delta": 0.013048410415649414
      },
      "replace": {
        "loss": 2.982126474380493,
        "delta": 0.009970903396606445
      },
      "random": {
        "loss": 2.975008726119995,
        "delta": 0.0028531551361083984
      }
    },
    "32": {
      "svd": {
        "loss": 2.985604763031006,
        "delta": 0.01344919204711914
      },
      "replace": {
        "loss": 2.9820992946624756,
        "delta": 0.009943723678588867
      },
      "random": {
        "loss": 2.9737184047698975,
        "delta": 0.0015628337860107422
      }
    },
    "128": {
      "svd": {
        "loss": 2.991224765777588,
        "delta": 0.019069194793701172
      },
      "replace": {
        "loss": 2.9820022583007812,
        "delta": 0.009846687316894531
      },
      "random": {
        "loss": 2.975576162338257,
        "delta": 0.003420591354370117
      }
    },
    "256": {
      "svd": {
        "loss": 2.9931578636169434,
        "delta": 0.02100229263305664
      },
      "replace": {
        "loss": 2.9819958209991455,
        "delta": 0.009840250015258789
      },
      "random": {
        "loss": 2.9827511310577393,
        "delta": 0.010595560073852539
      }
    },
    "512": {
      "svd": {
        "loss": 2.9927804470062256,
        "delta": 0.020624876022338867
      },
      "replace": {
        "loss": 2.981642723083496,
        "delta": 0.009487152099609375
      },
      "random": {
        "loss": 2.9860680103302,
        "delta": 0.013912439346313477
      }
    }
  },
  "k_independent": {
    "zero": {
      "loss": 2.9845292568206787,
      "delta": 0.012373685836791992
    },
    "shuffle": {
      "loss": 2.9874274730682373,
      "delta": 0.015271902084350586
    }
  },
  "baseline_loss": 2.9721555709838867
}