{
  "config": {
    "svd_dir": "/worxpace/repos/py/GaleMoE/svd_cache/float/w3/",
    "layer_idx": 12,
    "output_dir": "results_1002/",
    "num_experts": 8,
    "model_id": "mistralai/Mixtral-8x7B-v0.1",
    "model_tag": "mistralai_Mixtral_8x7B_v0.1",
    "num_samples": 500,
    "seq_len": 64,
    "batch_size": 500,
    "seed": 42,
    "variations": [
      "svd",
      "replace",
      "random",
      "zero",
      "shuffle"
    ],
    "dataset": "wikitext",
    "text_file": null,
    "top_k": [
      1,
      4,
      8,
      32,
      128,
      256,
      512
    ],
    "quantization": null,
    "scale": 10.0,
    "replace_weight_decay": 1.0
  },
  "by_k": {
    "1": {
      "svd": {
        "loss": 2.9753739833831787,
        "delta": 0.003218412399291992
      },
      "replace": {
        "loss": 2.9830660820007324,
        "delta": 0.010910511016845703
      },
      "random": {
        "loss": 2.972306728363037,
        "delta": 0.00015115737915039062
      }
    },
    "4": {
      "svd": {
        "loss": 2.984297275543213,
        "delta": 0.012141704559326172
      },
      "replace": {
        "loss": 2.9834094047546387,
        "delta": 0.011253833770751953
      },
      "random": {
        "loss": 2.970303535461426,
        "delta": -0.0018520355224609375
      }
    },
    "8": {
      "svd": {
        "loss": 2.98793625831604,
        "delta": 0.01578068733215332
      },
      "replace": {
        "loss": 2.982874870300293,
        "delta": 0.01071929931640625
      },
      "random": {
        "loss": 2.9721298217773438,
        "delta": -2.574920654296875e-05
      }
    },
    "32": {
      "svd": {
        "loss": 2.9952433109283447,
        "delta": 0.023087739944458008
      },
      "replace": {
        "loss": 2.9835121631622314,
        "delta": 0.011356592178344727
      },
      "random": {
        "loss": 2.97220778465271,
        "delta": 5.221366882324219e-05
      }
    },
    "128": {
      "svd": {
        "loss": 2.9980971813201904,
        "delta": 0.02594161033630371
      },
      "replace": {
        "loss": 2.98297119140625,
        "delta": 0.010815620422363281
      },
      "random": {
        "loss": 2.9802157878875732,
        "delta": 0.008060216903686523
      }
    },
    "256": {
      "svd": {
        "loss": 2.9980826377868652,
        "delta": 0.025927066802978516
      },
      "replace": {
        "loss": 2.982820987701416,
        "delta": 0.010665416717529297
      },
      "random": {
        "loss": 2.980715036392212,
        "delta": 0.008559465408325195
      }
    },
    "512": {
      "svd": {
        "loss": 2.9979889392852783,
        "delta": 0.0258333683013916
      },
      "replace": {
        "loss": 2.9830422401428223,
        "delta": 0.010886669158935547
      },
      "random": {
        "loss": 2.9885780811309814,
        "delta": 0.016422510147094727
      }
    }
  },
  "k_independent": {
    "zero": {
      "loss": 2.9847986698150635,
      "delta": 0.012643098831176758
    },
    "shuffle": {
      "loss": 2.986550807952881,
      "delta": 0.01439523696899414
    }
  },
  "baseline_loss": 2.9721555709838867
}