{
  "config": {
    "svd_dir": "/worxpace/repos/py/GaleMoE/svd_cache/float/w3/",
    "layer_idx": 20,
    "output_dir": "results_1002/",
    "num_experts": 8,
    "model_id": "mistralai/Mixtral-8x7B-v0.1",
    "model_tag": "mistralai_Mixtral_8x7B_v0.1",
    "num_samples": 500,
    "seq_len": 64,
    "batch_size": 500,
    "seed": 42,
    "variations": [
      "svd",
      "replace",
      "random",
      "zero",
      "shuffle"
    ],
    "dataset": "wikitext",
    "text_file": null,
    "top_k": [
      1,
      4,
      8,
      32,
      128,
      256,
      512
    ],
    "quantization": null,
    "scale": 10.0,
    "replace_weight_decay": 1.0
  },
  "by_k": {
    "1": {
      "svd": {
        "loss": 2.99607515335083,
        "delta": 0.02391958236694336
      },
      "replace": {
        "loss": 2.9908320903778076,
        "delta": 0.0186765193939209
      },
      "random": {
        "loss": 2.9723665714263916,
        "delta": 0.0002110004425048828
      }
    },
    "4": {
      "svd": {
        "loss": 2.9993386268615723,
        "delta": 0.027183055877685547
      },
      "replace": {
        "loss": 2.989150285720825,
        "delta": 0.016994714736938477
      },
      "random": {
        "loss": 2.9732446670532227,
        "delta": 0.0010890960693359375
      }
    },
    "8": {
      "svd": {
        "loss": 3.000701665878296,
        "delta": 0.02854609489440918
      },
      "replace": {
        "loss": 2.9911322593688965,
        "delta": 0.018976688385009766
      },
      "random": {
        "loss": 2.9730632305145264,
        "delta": 0.0009076595306396484
      }
    },
    "32": {
      "svd": {
        "loss": 3.0017871856689453,
        "delta": 0.029631614685058594
      },
      "replace": {
        "loss": 2.990609884262085,
        "delta": 0.018454313278198242
      },
      "random": {
        "loss": 2.975181818008423,
        "delta": 0.003026247024536133
      }
    },
    "128": {
      "svd": {
        "loss": 3.0021069049835205,
        "delta": 0.02995133399963379
      },
      "replace": {
        "loss": 2.990748882293701,
        "delta": 0.018593311309814453
      },
      "random": {
        "loss": 2.9809060096740723,
        "delta": 0.008750438690185547
      }
    },
    "256": {
      "svd": {
        "loss": 3.0036628246307373,
        "delta": 0.031507253646850586
      },
      "replace": {
        "loss": 2.9903316497802734,
        "delta": 0.01817607879638672
      },
      "random": {
        "loss": 2.991258382797241,
        "delta": 0.019102811813354492
      }
    },
    "512": {
      "svd": {
        "loss": 3.00374436378479,
        "delta": 0.03158879280090332
      },
      "replace": {
        "loss": 2.9901413917541504,
        "delta": 0.017985820770263672
      },
      "random": {
        "loss": 2.994501829147339,
        "delta": 0.02234625816345215
      }
    }
  },
  "k_independent": {
    "zero": {
      "loss": 2.9909508228302,
      "delta": 0.018795251846313477
    },
    "shuffle": {
      "loss": 2.9966726303100586,
      "delta": 0.024517059326171875
    }
  },
  "baseline_loss": 2.9721555709838867
}