{
  "config": {
    "svd_dir": "/worxpace/repos/py/GaleMoE/svd_cache/float/w3/",
    "layer_idx": 0,
    "output_dir": "results_scale10_w3_rnd/",
    "num_experts": 8,
    "model_id": "mistralai/Mixtral-8x7B-v0.1",
    "model_tag": "mistralai_Mixtral_8x7B_v0.1",
    "num_samples": 500,
    "seq_len": 64,
    "batch_size": 500,
    "seed": 42,
    "variations": [
      "svd",
      "random",
      "zero",
      "shuffle"
    ],
    "dataset": "wikitext",
    "text_file": null,
    "top_k": [
      1,
      2,
      4,
      8,
      16,
      32,
      64,
      128,
      256,
      512
    ],
    "quantization": null,
    "scale": 10.0
  },
  "by_k": {
    "1": {
      "svd": {
        "loss": 2.977757692337036,
        "delta": 0.005602121353149414
      },
      "random": {
        "loss": 2.9717793464660645,
        "delta": -0.0003762245178222656
      }
    },
    "2": {
      "svd": {
        "loss": 2.9888288974761963,
        "delta": 0.01667332649230957
      },
      "random": {
        "loss": 2.9720120429992676,
        "delta": -0.00014352798461914062
      }
    },
    "4": {
      "svd": {
        "loss": 2.9980595111846924,
        "delta": 0.025903940200805664
      },
      "random": {
        "loss": 2.972053050994873,
        "delta": -0.00010251998901367188
      }
    },
    "8": {
      "svd": {
        "loss": 2.9927690029144287,
        "delta": 0.020613431930541992
      },
      "random": {
        "loss": 2.97109055519104,
        "delta": -0.0010650157928466797
      }
    },
    "16": {
      "svd": {
        "loss": 2.995893716812134,
        "delta": 0.02373814582824707
      },
      "random": {
        "loss": 2.97282075881958,
        "delta": 0.0006651878356933594
      }
    },
    "32": {
      "svd": {
        "loss": 3.018812417984009,
        "delta": 0.04665684700012207
      },
      "random": {
        "loss": 2.9741084575653076,
        "delta": 0.0019528865814208984
      }
    },
    "64": {
      "svd": {
        "loss": 3.028273344039917,
        "delta": 0.05611777305603027
      },
      "random": {
        "loss": 2.97200870513916,
        "delta": -0.0001468658447265625
      }
    },
    "128": {
      "svd": {
        "loss": 3.039111852645874,
        "delta": 0.0669562816619873
      },
      "random": {
        "loss": 2.978649139404297,
        "delta": 0.006493568420410156
      }
    },
    "256": {
      "svd": {
        "loss": 3.2872397899627686,
        "delta": 0.31508421897888184
      },
      "random": {
        "loss": 3.0637660026550293,
        "delta": 0.09161043167114258
      }
    },
    "512": {
      "svd": {
        "loss": 3.3469431400299072,
        "delta": 0.3747875690460205
      },
      "random": {
        "loss": 3.327885866165161,
        "delta": 0.3557302951812744
      }
    }
  },
  "k_independent": {
    "zero": {
      "loss": 3.1942946910858154,
      "delta": 0.2221391201019287
    },
    "shuffle": {
      "loss": 3.3319451808929443,
      "delta": 0.3597896099090576
    }
  },
  "baseline_loss": 2.9721555709838867
}